CAPE TOWN - CHRIS HANI;;;;;;;;;;;;;;;;;;;;;;;;;;;;;;;;;;;;;;;;;;;;;;;;;;;;;;;;;;;;;;;;;;;;;;;;;;;;;;;;;;;;;;;;;;;;;;;;;;;;;;;;;;;;;;;;;;;;;;;;;;;;;;;;;;;;;;;;;;;
MONDAYS TO FRIDAYS;;;;;;;;;;;;;;;;;;;;;;;;;;;;;;;;;;;;;;;;;;;;;;;;;;;;;;;;;;;;;;;;;;;;;;;;;;;;;;;;;;;;;;;;;;;;;;;;;;;;;;;;;;;;;;;;;;;;;;;;;;;;;;;;;;;;;;;;;;;
PLATFORM NO.;16;17;19;20;;16;17;20;16;16;20;18;16;20;18;17;19;18;16;21;18;16;20;16;19;21;17;16;20;18;16;19;17;20;18;16;20;16;20;19;16;20;16;20;19;20;16;21;16;19;20;16;18;20;16;18;16;20;17;18;16;19;15;20;18;21;17;16;20;19;17;18;16;20;17;21;16;18;19;21;16;19;18;17;20;19;16;17;15;19;16;17;18;;15;20;16;21;19;18;17;20;21;16;19;20;16;19;16;;;;;;;;;;;;;;;;;;;;;;;;;;;;;;
TRAIN NO.;9501;9911;9003;9913;9005;9503;9915;9007;9505;9507;9917;9011;9509;9919;9013;9511;9921;9015;9513;9923;9017;9515;9925;9517;9019;9927;9519;9521;9929;9021;9523;9931;9525;9933;9023;9527;9935;9529;9937;9025;9531;9939;9533;9941;9027;9943;9535;9945;9537;9029;9947;9539;9031;9949;9541;9033;9543;9951;9353;9035;9545;9953;9547;9955;9037;9213;9357;9549;9403;9039;9551;9959;9553;9961;9577;9405;9555;9041;9219;9963;9557;9965;9221;9367;9995;9043;9559;9969;9561;9987;9563;9371;9045;9989;9565;9973;9567;9975;9223;9047;9569;9977;9979;9571;9049;9981;9573;9983;9575;;;;;;;;;;;;;;;;;;;;;;;;;;;;;;
CAPE TOWN;05:00;05:05;05:10;05:35;;05:40;06:02;06:12;06:10;06:30;06:40;06:45;06:52;07:07;07:10;07:22;07:30;07:43;07:52;08:00;08:10;08:15;08:30;08:35;08:45;09:00;09:05;09:30;09:35;09:40;10:00;10:05;10:30;10:35;10:50;11:00;11:05;11:35;11:35;11:50;12:05;12:10;12:35;12:40;12:55;13:10;13:10;13:40;13:40;13:55;14:10;14:15;14:22;14:35;14:40;14:50;15:00;15:05;15:18;15:24;15:25;15:32;15:40;15:45;15:50;15:52;15:55;16:00;16:07;16:15;16:15;16:20;16:20;16:30;16:33;16:40;16:40;16:45;16:50;16:55;17:00;17:05;17:23;17:10;17:15;17:20;17:20;17:30;17:28;17:40;17:37;17:45;17:50;;18:00;18:05;18:10;18:20;18:25;18:30;18:35;18:34;19:05;19:00;19:10;19:38;19:40;20:25;20:18;;;;;;;;;;;;;;;;;;;;;;;;;;;;;;
WOODSTOCK;05:03;..;..;..;;05:43;..;..;06:13;06:33;..;..;06:55;..;..;07:25;..;..;07:55;..;..;08:18;..;08:38;..;..;09:08;09:33;..;..;10:03;..;10:33;..;..;11:03;..;11:38;..;..;12:08;..;12:38;..;..;..;13:13;..;13:43;..;..;14:18;..;..;14:43;..;15:03;..;15:21;..;15:28;..;15:43;..;..;..;15:58;16:03;..;..;16:18;..;16:23;;16:36;..;16:43;..;..;..;17:03;..;..;17:13;;..;17:23;..;17:31;..;17:40;17:48;..;;18:03;..;18:13;18:23;..;..;18:38;..;..;19:03;..;..;19:43;..;20:21;;;;;;;;;;;;;;;;;;;;;;;;;;;;;;
SALT RIVER;05:06;..;..;..;;05:46;..;..;06:16;06:36;..;..;06:58;..;..;07:28;..;..;07:58;..;..;08:21;..;08:41;..;..;09:11;09:36;..;..;10:06;..;10:36;..;..;11:06;..;11:41;..;..;12:11;..;12:41;..;..;..;13:16;..;13:46;..;..;14:21;..;..;14:46;..;15:06;..;15:24;..;15:31;..;15:46;..;..;;16:01;16:06;..;..;16:21;..;16:26;;16:39;..;16:46;..;..;..;17:06;..;..;17:16;;..;17:26;..;17:34;..;17:43;17:51;..;;18:06;..;18:16;18:26;..;..;18:41;..;..;19:06;..;..;19:46;..;20:24;;;;;;;;;;;;;;;;;;;;;;;;;;;;;;
KOEBERG RD;05:08;..;..;..;;05:48;..;..;06:18;06:38;..;..;07:00;..;..;07:30;..;..;08:00;..;..;08:23;..;08:43;..;..;09:13;09:38;..;..;10:08;..;10:38;..;..;11:08;..;11:43;..;..;12:13;..;12:43;..;..;..;13:18;..;13:48;..;..;14:23;..;..;14:48;..;15:08;..;15:26;..;15:33;..;15:48;..;..;;16:03;16:08;..;..;16:23;..;16:28;;16:41;..;16:48;..;..;..;17:08;..;..;17:18;;..;17:28;..;17:36;..;17:45;17:53;..;;18:08;..;18:18;18:28;..;..;18:43;..;..;19:08;..;..;19:48;..;20:26;;;;;;;;;;;;;;;;;;;;;;;;;;;;;;
MAITLAND;05:11;..;..;..;;05:51;..;..;06:21;06:41;..;..;07:03;..;..;07:33;..;..;08:03;..;..;08:26;..;08:46;..;..;09:16;09:41;..;..;10:11;..;10:41;..;..;11:11;..;11:46;..;..;12:16;..;12:46;..;..;..;13:21;..;13:51;..;..;14:26;..;..;14:51;..;15:11;..;15:29;..;15:36;..;15:51;..;..;;16:06;16:11;..;..;16:26;..;16:31;;16:44;..;16:51;..;..;..;17:11;..;..;17:21;;..;17:31;..;17:39;..;17:48;17:56;..;;18:11;..;18:21;18:31;..;..;18:46;..;..;19:11;..;..;19:51;..;20:29;;;;;;;;;;;;;;;;;;;;;;;;;;;;;;
NDABENI;05:14;..;..;..;;05:54;..;..;06:24;06:44;..;..;07:06;..;..;07:36;..;..;08:06;..;..;08:29;..;08:49;..;..;09:19;09:44;..;..;10:14;..;10:44;..;..;11:14;..;11:49;..;..;12:19;..;12:49;..;..;..;13:24;..;13:54;..;..;14:29;..;..;14:54;..;15:14;..;15:32;..;15:39;..;15:54;..;..;;16:09;16:14;..;..;16:29;..;16:34;;16:47;..;16:54;..;..;..;17:14;..;..;17:24;;..;17:34;..;17:42;..;17:51;17:59;..;;18:14;..;18:24;18:34;..;..;18:49;..;..;19:14;..;..;19:54;..;20:32;;;;;;;;;;;;;;;;;;;;;;;;;;;;;;
PINELANDS;05:16;..;..;..;;05:56;..;..;06:26;06:46;..;..;07:08;..;..;07:38;..;..;08:08;..;..;08:31;..;08:51;..;..;09:21;09:46;..;..;10:16;..;10:46;..;..;11:16;..;11:51;..;..;12:21;..;12:51;..;..;..;13:26;..;13:56;..;..;14:31;..;..;14:56;..;15:16;..;15:34;..;15:41;..;15:56;..;..;;16:11;16:16;..;..;16:31;..;16:36;;16:49;..;16:56;..;..;..;17:16;..;..;17:26;;..;17:36;..;17:44;..;17:53;18:01;..;;18:16;..;18:26;18:36;..;..;18:51;..;..;19:16;..;..;19:56;..;20:34;;;;;;;;;;;;;;;;;;;;;;;;;;;;;;
ESPLANADE;..;05:09;05:14;05:39;;..;06:06;06:16;..;..;06:44;06:49;..;07:11;07:14;..;07:34;07:47;..;08:04;08:14;..;08:34;..;08:49;09:04;..;..;09:39;09:44;..;10:09;..;10:39;10:54;..;11:09;..;11:39;11:54;..;12:14;..;12:44;12:59;13:14;..;13:44;..;13:59;14:14;..;14:26;14:39;..;14:54;..;15:09;..;15:28;..;15:36;..;15:49;15:54;15:56;..;..;16:11;16:19;..;16:24;..;16:34;;16:44;..;16:49;16:54;16:59;..;17:09;17:27;..;;17:24;..;17:34;..;17:44;..;..;17:54;..;..;18:09;..;..;18:29;18:34;..;18:38;19:09;..;19:14;19:42;..;20:29;..;;;;;;;;;;;;;;;;;;;;;;;;;;;;;;
PAARDENEILAND;..;..;..;..;;..;..;..;..;..;..;..;..;..;..;..;..;..;..;..;..;..;..;..;..;..;..;..;..;..;..;..;..;..;..;..;..;..;..;..;..;..;..;..;..;..;..;..;..;..;..;..;..;..;..;..;..;..;..;..;..;..;..;..;..;..;..;..;..;..;..;..;..;..;;..;;..;..;..;..;..;..;..;;..;..;..;..;..;..;..;..;..;..;..;..;..;..;..;..;..;..;..;..;..;..;..;..;;;;;;;;;;;;;;;;;;;;;;;;;;;;;;
YSTERPLAAT;..;05:13;05:18;05:43;;..;06:10;06:20;..;..;06:48;06:53;..;07:15;07:18;..;07:38;07:51;..;08:08;08:18;..;08:38;..;08:53;09:08;..;..;09:43;09:48;..;10:13;..;10:43;10:58;..;11:13;..;11:43;11:58;..;12:18;..;12:48;13:03;13:18;..;13:48;..;14:03;14:18;..;14:30;14:43;..;14:58;..;15:13;..;15:32;..;15:40;..;15:53;15:58;16:00;..;..;16:15;16:23;..;16:28;..;16:38;;16:48;..;16:53;16:58;17:03;..;17:13;17:31;..;;17:28;..;17:38;..;17:48;..;..;17:58;..;..;18:13;..;..;18:33;18:38;..;18:42;19:13;..;19:18;19:46;..;20:33;..;;;;;;;;;;;;;;;;;;;;;;;;;;;;;;
MUTUAL;..;05:18;05:23;05:48;06:00;..;06:15;06:25;..;..;06:53;06:58;..;07:20;07:23;..;07:43;07:56;..;08:13;08:23;..;08:43;..;08:58;09:13;..;..;09:48;09:53;..;10:18;..;10:48;11:03;..;11:18;..;11:48;12:03;..;12:23;..;12:53;13:08;13:23;..;13:53;..;14:08;14:23;..;14:35;14:48;..;15:03;..;15:18;..;15:37;..;15:45;..;15:58;16:03;16:05;..;..;16:20;16:28;..;16:33;..;16:43;;16:53;..;16:58;17:03;17:08;..;17:18;17:36;..;17:27;17:33;..;17:43;..;17:53;..;..;18:03;18:10;..;18:18;..;..;18:38;18:43;..;18:47;19:18;..;19:23;19:51;..;20:38;..;;;;;;;;;;;;;;;;;;;;;;;;;;;;;;
LANGA;05:21;05:23;05:28;05:53;06:05;06:01;06:20;06:30;06:31;06:51;06:58;07:03;07:13;07:25;07:28;07:43;07:48;08:01;08:13;08:18;08:28;08:36;08:48;08:56;09:03;09:18;09:26;09:51;09:53;09:58;10:21;10:23;10:51;10:53;11:08;11:21;11:23;11:56;11:53;12:08;12:26;12:28;12:56;12:58;13:13;13:28;13:31;13:58;14:01;14:13;14:28;14:36;14:40;14:53;15:01;15:08;15:21;15:23;15:41;15:42;15:46;15:50;16:01;16:03;16:08;16:10;16:17;16:21;16:25;16:33;16:36;16:38;16:41;16:48;16:54;16:58;..;17:03;17:08;17:13;17:21;17:23;17:41;17:34;;17:38;17:41;17:48;17:49;17:58;17:58;18:07;18:08;18:15;18:21;18:23;18:31;18:42;18:43;18:48;18:56;18:52;19:23;19:21;19:28;19:56;20:01;20:43;20:39;;;;;;;;;;;;;;;;;;;;;;;;;;;;;;
BONTEHEUWEL;05:25;05:27;05:32;05:57;06:09;06:05;06:24;06:34;06:35;06:55;07:02;07:07;07:17;07:29;07:32;07:47;07:52;08:05;08:17;08:22;08:32;08:40;08:52;09:00;09:07;09:22;09:30;09:55;09:57;10:02;10:25;10:27;10:55;10:57;11:12;11:25;11:27;12:00;11:57;12:12;12:30;12:32;13:00;13:02;13:17;13:32;13:35;14:02;14:05;14:17;14:32;14:40;14:44;14:57;15:05;15:12;15:25;15:27;15:45;15:46;15:50;15:54;16:05;16:07;16:12;16:14;16:21;16:25;16:29;16:37;16:40;16:42;16:45;16:52;16:58;17:02;17:04;17:07;17:12;17:17;17:25;17:27;17:45;17:38;;17:42;17:45;17:52;17:53;18:02;18:02;18:11;18:12;18:19;18:25;18:27;18:35;18:46;18:47;18:52;19:00;18:56;19:27;19:25;19:32;20:00;20:05;20:44;20:43;;;;;;;;;;;;;;;;;;;;;;;;;;;;;;
NETREG;05:28;05:30;..;06:00;..;06:08;06:27;..;06:38;06:58;07:05;..;07:20;07:32;..;07:50;07:55;..;08:20;08:25;..;08:43;08:55;09:03;..;09:25;09:33;09:58;10:00;..;10:28;10:30;10:58;11:00;..;11:28;11:30;12:03;12:00;..;12:33;12:35;13:03;13:05;..;13:35;13:38;14:05;14:08;..;14:35;14:43;..;15:00;15:08;..;15:28;15:30;15:48;..;15:53;15:57;16:08;16:10;..;16:17;16:24;16:28;16:32;..;16:43;16:45;16:48;16:55;17:02;17:05;17:05;..;17:15;17:20;17:28;17:30;17:49;17:41;;..;17:48;17:55;17:56;18:05;18:05;18:14;..;18:23;18:28;18:30;18:38;18:49;18:51;..;19:03;18:59;19:30;19:28;..;20:03;20:08;20:47;20:46;;;;;;;;;;;;;;;;;;;;;;;;;;;;;;
HEIDEVELD;05:31;05:33;..;06:03;..;06:11;06:30;..;06:41;07:01;07:08;..;07:23;07:35;..;07:53;07:58;..;08:23;08:28;..;08:46;08:58;09:06;..;09:28;09:36;10:01;10:03;..;10:31;10:33;11:01;11:03;..;11:31;11:33;12:06;12:03;..;12:36;12:38;13:06;13:08;..;13:38;13:41;14:08;14:11;..;14:38;14:46;..;15:03;15:11;..;15:31;15:33;15:51;..;15:56;16:00;16:11;16:13;..;16:20;16:27;16:31;16:35;..;16:46;16:48;16:51;16:58;17:05;17:08;17:08;..;17:18;17:23;17:31;17:33;17:52;17:44;17:38;..;17:51;17:58;17:59;18:08;18:08;18:17;..;18:26;18:31;18:33;18:41;18:52;18:54;..;19:06;19:02;19:33;19:31;..;20:06;20:11;20:50;20:49;;;;;;;;;;;;;;;;;;;;;;;;;;;;;;
NYANGA;05:35;05:37;..;06:07;..;06:15;06:34;..;06:45;07:05;07:12;..;07:27;07:39;..;07:57;08:02;..;08:27;08:32;..;08:50;09:02;09:10;..;09:32;09:40;10:05;10:07;..;10:35;10:37;11:05;11:07;..;11:35;11:37;12:10;12:07;..;12:40;12:42;13:10;13:12;..;13:42;13:45;14:12;14:15;..;14:42;14:50;..;15:07;15:15;..;15:35;15:37;15:55;..;16:00;16:04;16:15;16:17;..;16:24;16:31;16:35;16:39;..;16:50;16:52;16:55;17:02;17:09;17:12;17:11;..;17:22;17:27;17:35;17:37;17:56;17:48;17:41;..;17:55;18:02;18:03;18:12;18:12;18:21;..;18:30;18:35;18:37;18:45;18:56;18:58;..;19:10;19:06;19:37;19:35;..;20:10;20:15;20:54;20:53;;;;;;;;;;;;;;;;;;;;;;;;;;;;;;
PHILIPPI;05:39;05:42;..;06:12;..;06:19;06:39;..;06:49;07:09;07:17;..;07:31;07:44;..;08:01;08:07;..;08:31;08:37;..;08:54;09:07;09:14;..;09:37;09:44;10:09;10:12;..;10:39;10:42;11:09;11:12;..;11:39;11:42;12:14;12:12;..;12:44;12:47;13:14;13:17;..;13:47;13:49;14:17;14:19;..;14:47;14:54;..;15:12;15:19;..;15:39;15:42;16:00;..;16:04;16:09;16:19;16:22;..;16:28;16:36;16:39;16:44;..;16:54;16:57;16:59;17:07;17:13;17:17;17:15;..;17:26;17:32;17:39;17:42;18:00;17:53;;..;17:59;18:07;18:07;18:17;18:16;18:26;..;18:34;18:39;18:42;18:49;19:01;19:02;..;19:14;19:11;19:42;19:39;..;20:15;20:19;20:59;20:57;;;;;;;;;;;;;;;;;;;;;;;;;;;;;;
LENTEGEUR;05:45;..;..;..;..;06:25;..;..;06:55;07:15;..;..;07:37;..;..;08:07;..;..;08:37;..;..;09:00;..;09:20;..;..;09:50;10:15;..;..;10:45;..;11:15;..;..;11:45;..;12:20;..;..;12:50;..;13:20;..;..;..;13:55;..;14:25;..;..;15:00;..;..;15:25;..;15:45;..;..;..;16:10;..;16:25;..;..;16:34;..;16:45;..;..;17:00;..;17:05;..;17:19;..;17:24;..;17:32;..;17:45;..;18:06;..;..;..;18:05;..;18:13;..;18:22;..;..;..;18:45;..;18:55;..;19:07;..;19:20;..;..;19:45;..;..;20:25;..;21:03;;;;;;;;;;;;;;;;;;;;;;;;;;;;;;
MITCHELLS PL.;05:48;..;..;..;..;06:28;..;..;06:58;07:18;..;..;07:40;..;..;08:10;..;..;08:40;..;..;09:03;..;09:23;..;..;09:53;10:18;..;..;10:48;..;11:18;..;..;11:48;..;12:23;..;..;12:53;..;13:23;..;..;..;13:58;..;14:28;..;..;15:03;..;..;15:28;..;15:48;..;..;..;16:13;..;16:28;..;..;16:37;..;16:48;..;..;17:03;..;17:08;..;17:22;..;17:25;..;17:35;..;17:48;..;18:09;..;..;..;18:08;..;18:16;..;18:25;..;..;..;18:48;..;18:58;..;19:10;..;19:23;..;..;19:48;..;..;20:28;..;21:06;;;;;;;;;;;;;;;;;;;;;;;;;;;;;;
KAPTEINSKLIP;05:51;..;..;..;..;06:31;..;..;07:01;07:21;..;..;07:43;..;..;08:13;..;..;08:43;..;..;09:06;..;09:26;..;..;09:56;10:21;..;..;10:51;..;11:21;..;..;11:51;..;12:26;..;..;12:56;..;13:26;..;..;..;14:01;..;14:31;..;..;15:06;..;..;15:31;..;15:51;..;..;..;16:16;..;16:31;..;..;16:40;..;16:51;..;..;17:06;..;17:11;..;17:25;..;17:28;..;17:38;..;17:51;..;18:11;..;..;..;18:11;..;18:19;..;18:28;..;..;..;18:51;..;19:01;..;19:13;..;19:26;..;..;19:51;..;..;20:31;..;21:09;;;;;;;;;;;;;;;;;;;;;;;;;;;;;;
STOCK ROAD;;05:45;..;06:15;..;;06:42;..;;;07:20;..;;07:47;..;;08:10;..;;08:40;..;;09:10;;..;09:40;;;10:15;..;;10:45;;11:15;..;;11:45;;12:15;..;;12:50;;13:20;..;13:50;;14:20;;..;14:50;;..;15:15;;..;;15:45;16:01;..;;16:12;;16:25;..;;16:38;;16:47;..;;17:00;;17:09;;17:20;17:31;..;;17:35;;17:45;;17:56;17:48;..;;18:10;;18:20;;18:28;..;18:36;;18:45;;19:03;;..;;19:14;19:45;;..;20:18;;21:02;;;;;;;;;;;;;;;;;;;;;;;;;;;;;;;
MANDALAY;05:48;;06:18;;;06:45;;;;07:23;;;07:50;;;08:13;;;08:43;;;09:13;;;09:43;;;10:18;;;10:48;;11:18;;;11:48;;12:18;;;12:53;;13:23;;13:53;;14:23;;;14:53;;;15:18;;;;15:48;16:04;;;16:15;;16:28;;;16:41;;16:50;;;17:03;;17:12;;17:23;;;d;17:38;;17:48;;17:59;17:52;;;18:13;;18:23;;18:31;;18:39;;18:48;;19:06;;;;19:17;19:48;;;20:21;;21:05;;;;;;;;;;;;;;;;;;;;;;;;;;;;;;;;
NOLUNGILE;;05:51;..;06:21;..;;06:48;..;;;07:26;..;;07:53;..;;08:16;..;;08:46;..;;09:16;;..;09:46;;;10:21;..;;10:51;;11:21;..;;11:51;;12:21;..;;12:56;;13:26;..;13:56;;14:26;;..;14:56;;..;15:21;;..;;15:51;16:07;..;;16:18;;16:31;..;;16:44;;16:53;..;;17:06;;17:15;;17:26;;..;;17:41;;17:51;;18:02;;..;;18:16;;18:26;;18:34;..;18:42;;18:51;;19:09;;..;;19:20;19:51;;..;20:24;;21:08;;;;;;;;;;;;;;;;;;;;;;;;;;;;;;;
NONKQUBELA;;05:54;..;06:24;..;;06:51;..;;;07:29;..;;07:56;..;;08:19;..;;08:49;..;;09:19;;..;09:49;;;10:24;..;;10:54;;11:24;..;;11:54;;12:24;..;;12:59;;13:29;..;13:59;;14:29;;..;14:59;;..;15:24;;..;;15:54;16:10;..;;16:21;;16:34;..;;16:47;;16:56;..;;17:09;;17:18;;17:29;;..;;17:44;;17:54;;18:05;;..;;18:19;;18:29;;18:37;..;18:45;;18:54;;19:12;;..;;19:23;19:54;;..;20:27;;21:11;;;;;;;;;;;;;;;;;;;;;;;;;;;;;;;
KHAYELITSHA;;05:58;..;06:28;..;;06:55;..;;;07:33;..;;08:00;..;;08:23;..;;08:53;..;;09:23;;..;09:53;;;10:28;..;;10:58;;11:28;..;;11:58;;12:28;..;;13:03;;13:33;..;14:03;;14:33;;..;15:03;;..;15:28;;..;;15:58;16:14;..;;16:25;;16:38;..;;16:51;;17:00;..;;17:13;;17:22;;17:33;;..;;17:48;;17:58;;18:09;17:58;..;;18:23;;18:33;;18:41;..;18:49;;18:58;;19:16;;..;;19:27;19:58;;..;20:31;;21:15;;;;;;;;;;;;;;;;;;;;;;;;;;;;;;;
KUYASA;;06:02;;06:32;;;06:59;;;;07:37;;;08:04;;;08:27;;;08:57;;;09:27;;;09:57;;;10:32;;;11:02;;11:32;;;12:02;;12:32;;;13:07;;13:37;;14:07;;14:37;;;15:07;;;15:32;;;;16:02;16:18;;;16:29;;16:42;;;16:55;;;;;17:17;;17:26;;;;;o;17:52;;18:02;;18:13;;;;18:27;;18:37;;18:45;;18:53;;19:02;;19:20;;;;19:31;20:02;;;20:35;;21:19;;;;;;;;;;;;;;;;;;;;;;;;;;;;;;;
CHRIS HANI;;06:06;;06:36;;;07:03;;;;07:41;;;08:09;;;08:31;;;09:01;;;09:31;;;10:01;;;10:36;;;11:06;;11:36;;;12:06;;12:36;;;13:11;;13:41;;14:11;;14:41;;;15:11;;;15:36;;;;16:06;16:22;;;16:33;;16:46;;;16:59;;;;;17:21;;17:30;;;;;;17:56;;18:06;;18:17;;;;18:31;;18:41;;18:49;;18:57;;19:06;;19:24;;;;19:35;20:06;;;20:39;;21:23;;;;;;;;;;;;;;;;;;;;;;;;;;;;;;;
LAVISTOWN;;;05:37;;06:13;;;06:39;;;;07:12;;;07:37;;;08:10;;;08:37;;;;09:12;;;;;10:07;;;;;11:17;;;;;12:17;;;;;13:22;;;;;14:22;;;14:49;;;15:17;;;;15:51;;;;;16:17;;;;;16:42;;;;;;;;17:12;;;;;;;;17:47;;;;;;;18:17;;;;;;;18:57;;;;;19:37;;;;;;;;;;;;;;;;;;;;;;;;;;;;;;;;;;
BELHAR;;;05:41;;06:17;;;06:43;;;;07:16;;;07:41;;;08:14;;;08:41;;;;09:16;;;;;10:11;;;;;11:21;;;;;12:21;;;;;13:26;;;;;14:26;;;14:53;;;15:21;;;;15:55;;;;;16:21;;;;;16:46;;;;;;;;17:16;;;;;;;;17:51;;;;;;;18:21;;;;;;;19:01;;;;;19:41;;;;;;;;;;;;;;;;;;;;;;;;;;;;;;;;;;
UNIBELL;;;05:44;;06:20;;;06:46;;;;07:19;;;07:44;;;08:17;;;08:44;;;;09:19;;;;;10:14;;;;;11:24;;;;;12:24;;;;;13:29;;;;;14:29;;;14:56;;;15:24;;;;15:58;;;;;16:24;;;;;16:49;;;;;;;;17:19;;;;;;;;17:54;;;;;;;18:24;;;;;;;19:04;;;;;19:44;;;;;;;;;;;;;;;;;;;;;;;;;;;;;;;;;;
PENTECH;;;05:47;;06:23;;;06:49;;;;07:22;;;07:47;;;08:20;;;08:47;;;;09:22;;;;;10:17;;;;;11:27;;;;;12:27;;;;;13:32;;;;;14:32;;;14:59;;;15:27;;;;16:01;;;;;16:27;;;;;16:52;;;;;;;;17:22;;;;;;;;17:57;;;;;;;18:27;;;;;;;19:07;;;;;19:47;;;;;;;;;;;;;;;;;;;;;;;;;;;;;;;;;;
SAREPTA;;;05:50;;06:26;;;06:52;;;;07:25;;;07:50;;;08:23;;;08:50;;;;09:25;;;;;10:20;;;;;11:30;;;;;12:30;;;;;13:35;;;;;14:35;;;15:02;;;15:30;;;;16:04;;;;;16:30;;;;;16:55;;;;;;;;17:25;;;;;;;;18:00;;;;;;;18:30;;;;;;;19:10;;;;;19:50;;;;;;;;;;;;;;;;;;;;;;;;;;;;;;;;;;
BELLVILLE;;;05:56;;06:32;;;06:58;;;;07:31;;;07:56;;;08:29;;;08:56;;;;09:31;;;;;10:26;;;;;11:36;;;;;12:36;;;;;13:41;;;;;14:41;;;15:08;;;15:36;;;;16:10;;;;;16:36;;;;;17:01;;;;;;;;17:31;;;;;;;;18:06;;;;;;;18:36;;;;;;;19:16;;;;;19:56;;;;;;;;;;;;;;;;;;;;;;;;;;;;;;;;;;
END;;;;;;;;;;;;;;;;;;;;;;;;;;;;;;;;;;;;;;;;;;;;;;;;;;;;;;;;;;;;;;;;;;;;;;;;;;;;;;;;;;;;;;;;;;;;;;;;;;;;;;;;;;;;;;;;;;;;;;;;;;;;;;;;;;;;;;;;;;;
SATURDAYS;;;;;;;;;;;;;;;;;;;;;;;;;;;;;;;;;;;;;;;;;;;;;;;;;;;;;;;;;;;;;;;;;;;;;;;;;;;;;;;;;;;;;;;;;;;;;;;;;;;;;;;;;;;;;;;;;;;;;;;;;;;;;;;;;;;;;;;;;;;
PLATFORM NO.;19;;17;18;16;;17;21;16;20;18;16;19;17;16;21;16;18;17;21;17;18;20;17;20;17;19;15;18;17;19;15;21;15;22;18;19;17;21;16;18;21;15;20;16;20;17;18;16;21;16;21;18;16;19;16;21;20;16;20;21;17;18;19;16;17;20;;;;;;;;;;;;;;;;;;;;;;;;;;;;;;;;;;;;;;;;;;;;;;;;;;;;;;;;;;;;;;;;;;;;;;;;
TRAIN NO.;9911;9003;9501;9913;9503;9005;9505;9915;9507;9917;9007;9509;9919;9009;9511;9921;9513;9011;9515;9923;9517;9013;9925;9519;9927;9521;9929;9523;9015;9525;9931;9527;9933;9529;9935;9017;9937;9531;9939;9533;9019;9941;9535;9943;9537;9945;9539;9021;9541;9947;9543;9949;9023;9545;9951;9547;9953;9955;9549;9025;9957;9551;9027;9959;9553;9555;9961;;;;;;;;;;;;;;;;;;;;;;;;;;;;;;;;;;;;;;;;;;;;;;;;;;;;;;;;;;;;;;;;;;;;;;;;
CAPE TOWN;05:00;;05:10;05:35;05:35;;06:00;06:05;06:26;06:35;06:40;06:51;07:10;07:15;07:20;07:50;07:42;08:00;08:10;08:30;08:40;08:55;09:00;09:10;09:35;09:40;10:10;10:10;10:25;10:40;10:45;11:15;11:20;11:50;11:50;12:00;12:20;12:20;12:50;12:50;13:10;13:20;13:20;13:55;14:00;14:30;14:30;14:40;15:00;15:10;15:35;15:50;15:55;16:15;16:30;16:55;17:00;17:30;17:30;17:46;18:10;18:08;18:30;18:52;18:50;19:45;19:50;;;;;;;;;;;;;;;;;;;;;;;;;;;;;;;;;;;;;;;;;;;;;;;;;;;;;;;;;;;;;;;;;;;;;;;;
WOODSTOCK;..;;05:13;..;05:38;;06:03;..;06:29;..;..;06:54;..;..;07:23;..;07:45;..;08:13;..;08:43;..;..;09:13;..;09:43;..;10:13;..;10:43;..;11:18;..;11:53;..;..;..;12:23;..;12:53;..;..;13:23;..;14:03;..;14:33;..;15:03;..;15:38;..;..;16:18;..;16:58;..;..;17:33;..;..;18:11;..;..;18:53;19:48;..;;;;;;;;;;;;;;;;;;;;;;;;;;;;;;;;;;;;;;;;;;;;;;;;;;;;;;;;;;;;;;;;;;;;;;;;
SALT RIVER;..;;05:16;..;;;06:06;..;06:32;..;..;06:57;..;..;07:26;..;07:48;..;08:16;..;08:46;..;..;09:16;..;09:46;..;10:16;..;10:46;..;11:21;..;11:56;..;..;..;12:26;..;12:56;..;..;13:26;..;14:06;..;14:36;..;15:06;..;15:41;..;..;16:21;..;17:01;..;..;17:36;..;..;18:14;..;..;18:56;19:51;..;;;;;;;;;;;;;;;;;;;;;;;;;;;;;;;;;;;;;;;;;;;;;;;;;;;;;;;;;;;;;;;;;;;;;;;;
KOEBERG RD;..;;05:18;..;05:41;;06:08;..;06:34;..;..;06:59;..;..;07:28;..;07:50;..;08:18;..;08:48;..;..;09:18;..;09:48;..;10:18;..;10:48;..;11:23;..;11:58;..;..;..;12:28;..;12:58;..;..;13:28;..;14:08;..;14:38;..;15:08;..;15:43;..;..;16:23;..;17:03;..;..;17:38;..;..;18:16;..;..;18:58;19:53;..;;;;;;;;;;;;;;;;;;;;;;;;;;;;;;;;;;;;;;;;;;;;;;;;;;;;;;;;;;;;;;;;;;;;;;;;
MAITLAND;..;;05:21;..;05:43;;06:11;..;06:37;..;..;07:02;..;..;07:31;..;07:53;..;08:21;..;08:51;..;..;09:21;..;09:51;..;10:21;..;10:51;..;11:26;..;12:01;..;..;..;12:31;..;13:01;..;..;13:31;..;14:11;..;14:41;..;15:11;..;15:46;..;..;16:26;..;17:06;..;..;17:41;..;..;18:19;..;..;19:01;19:56;..;;;;;;;;;;;;;;;;;;;;;;;;;;;;;;;;;;;;;;;;;;;;;;;;;;;;;;;;;;;;;;;;;;;;;;;;
NDABENI;..;;05:24;..;05:46;;06:14;..;06:40;..;..;07:05;..;..;07:34;..;07:56;..;08:24;..;08:54;..;..;09:24;..;09:54;..;10:24;..;10:54;..;11:29;..;12:04;..;..;..;12:34;..;13:04;..;..;13:34;..;14:14;..;14:44;..;15:14;..;15:49;..;..;16:29;..;17:09;..;..;17:44;..;..;18:22;..;..;19:04;19:59;..;;;;;;;;;;;;;;;;;;;;;;;;;;;;;;;;;;;;;;;;;;;;;;;;;;;;;;;;;;;;;;;;;;;;;;;;
PINELANDS;..;;05:26;..;;;06:16;..;06:42;..;..;07:07;..;..;07:36;..;07:58;..;08:26;..;08:56;..;..;09:26;..;09:56;..;10:26;..;10:56;..;11:31;..;12:06;..;..;..;12:36;..;13:06;..;..;13:36;..;14:16;..;14:46;..;15:16;..;15:51;..;..;16:31;..;17:11;..;..;17:46;..;..;18:24;..;..;19:06;20:01;..;;;;;;;;;;;;;;;;;;;;;;;;;;;;;;;;;;;;;;;;;;;;;;;;;;;;;;;;;;;;;;;;;;;;;;;;
ESPLANADE;05:04;;..;05:39;05:49;;..;06:09;..;06:39;06:44;..;;07:19;..;;..;08:04;..;;..;08:59;;..;;..;;..;10:29;..;10:49;..;11:24;..;11:54;12:04;12:24;..;12:54;..;13:14;13:24;..;13:28;13:33;13:38;13:41;13:42;..;13:59;..;14:03;14:08;14:13;14:16;14:17;..;14:34;..;14:38;14:43;14:48;14:51;14:52;..;14:44;..;;;;;;;;;;;;;;;;;;;;;;;;;;;;;;;;;;;;;;;;;;;;;;;;;;;;;;;;;;;;;;;;;;;;;;;;
PAARDENEILAND;..;;..;..;05:51;;..;..;..;..;..;..;;..;..;;..;..;..;;..;..;;..;;..;;..;..;..;..;..;..;..;..;..;..;..;..;..;..;;..;;..;;..;..;..;..;..;..;..;..;..;..;..;..;..;..;..;..;..;..;..;..;..;;;;;;;;;;;;;;;;;;;;;;;;;;;;;;;;;;;;;;;;;;;;;;;;;;;;;;;;;;;;;;;;;;;;;;;;
YSTERPLAAT;05:08;;..;05:43;;;..;06:13;..;06:43;06:48;..;;07:23;..;;..;08:08;..;;..;09:03;;..;;..;;..;10:33;..;10:53;..;11:28;..;11:58;12:08;12:28;..;12:58;..;13:18;;..;;..;;..;14:48;..;15:18;..;15:58;16:03;..;16:38;..;17:08;17:38;..;17:54;18:18;..;18:38;19:00;..;..;19:58;;;;;;;;;;;;;;;;;;;;;;;;;;;;;;;;;;;;;;;;;;;;;;;;;;;;;;;;;;;;;;;;;;;;;;;;
MUTUAL;05:13;05:25;..;05:48;..;06:14;..;06:18;..;06:48;06:53;..;;07:28;..;;..;08:13;..;;..;09:08;;..;;..;;..;10:38;..;10:58;..;11:33;..;12:03;12:13;12:33;..;13:03;..;13:23;;..;;..;;..;14:53;..;15:23;..;16:03;16:08;..;16:43;..;17:13;17:43;..;17:59;18:23;..;18:43;19:05;..;..;20:03;;;;;;;;;;;;;;;;;;;;;;;;;;;;;;;;;;;;;;;;;;;;;;;;;;;;;;;;;;;;;;;;;;;;;;;;
LANGA;05:18;05:30;05:31;05:53;..;06:19;06:21;06:23;06:47;06:53;06:58;07:12;;07:33;07:41;;08:03;08:18;08:31;;09:01;09:13;;09:31;;10:01;;10:31;10:43;11:01;11:03;11:36;11:38;12:11;12:08;12:18;12:38;12:41;13:08;13:11;13:28;;13:41;;14:21;;14:51;14:58;15:21;15:28;15:56;16:08;16:13;16:36;16:48;17:16;17:18;17:48;17:51;18:04;18:28;18:29;18:48;19:10;19:11;20:06;20:08;;;;;;;;;;;;;;;;;;;;;;;;;;;;;;;;;;;;;;;;;;;;;;;;;;;;;;;;;;;;;;;;;;;;;;;;
BONTEHEUWEL;05:22;05:34;05:35;05:57;..;06:23;06:25;06:27;06:51;06:57;07:02;07:16;;07:37;07:45;;08:07;08:22;08:35;;09:05;09:17;;09:35;;10:05;;10:35;10:47;11:05;11:07;11:40;11:42;12:15;12:12;12:22;12:42;12:45;13:12;13:15;13:32;;13:45;;14:25;;14:55;15:02;15:25;15:32;16:00;16:12;16:17;16:40;16:52;17:20;17:22;17:52;17:55;18:08;18:34;18:33;18:52;19:16;19:15;20:12;20:12;;;;;;;;;;;;;;;;;;;;;;;;;;;;;;;;;;;;;;;;;;;;;;;;;;;;;;;;;;;;;;;;;;;;;;;;
NETREG;05:25;..;05:38;06:00;05:56;..;06:28;06:30;06:54;07:00;..;07:19;07:35;..;07:48;08:15;08:10;..;08:38;08:55;09:08;..;09:25;09:38;10:00;10:08;10:35;10:38;..;11:08;11:10;11:43;11:45;12:18;12:15;..;12:45;12:48;13:15;13:18;..;13:45;13:48;14:20;14:28;14:55;14:58;..;15:28;15:35;16:03;16:15;..;16:43;16:55;17:23;17:25;17:55;17:58;..;18:37;18:36;..;19:19;19:18;20:15;20:15;;;;;;;;;;;;;;;;;;;;;;;;;;;;;;;;;;;;;;;;;;;;;;;;;;;;;;;;;;;;;;;;;;;;;;;;
HEIDEVELD;05:28;..;05:41;06:03;05:59;..;06:31;06:33;06:57;07:03;..;07:22;07:38;..;07:51;08:18;08:13;..;08:41;08:58;09:11;..;09:28;09:41;10:03;10:11;10:38;10:41;..;11:11;11:13;11:46;11:48;12:21;12:18;..;12:48;12:51;13:18;13:21;..;13:48;13:51;14:23;14:31;14:58;15:01;..;15:31;15:38;16:06;16:18;..;16:46;16:58;17:26;17:28;17:58;18:01;..;18:40;18:39;..;19:22;19:21;20:18;20:18;;;;;;;;;;;;;;;;;;;;;;;;;;;;;;;;;;;;;;;;;;;;;;;;;;;;;;;;;;;;;;;;;;;;;;;;
NYANGA;05:32;..;05:45;06:07;06:00;..;06:35;06:37;07:01;07:07;..;07:26;07:42;..;07:55;08:22;08:17;..;08:45;09:02;09:15;..;09:32;09:45;10:07;10:15;10:42;10:45;..;11:15;11:17;11:50;11:52;12:25;12:22;..;12:52;12:55;13:22;13:25;..;13:52;13:55;14:27;14:35;15:02;15:05;..;15:35;15:42;16:10;16:22;..;16:50;17:02;17:30;17:32;18:02;18:05;..;18:44;18:43;..;19:26;19:25;20:22;20:22;;;;;;;;;;;;;;;;;;;;;;;;;;;;;;;;;;;;;;;;;;;;;;;;;;;;;;;;;;;;;;;;;;;;;;;;
PHILIPPI;05:37;..;05:49;06:12;06:03;..;06:39;06:42;07:05;07:12;..;07:30;07:47;..;07:59;08:27;08:21;..;08:49;09:07;09:19;..;09:37;09:49;10:12;10:19;10:47;10:49;..;11:19;11:22;11:54;11:57;12:29;12:27;..;12:57;12:59;13:27;13:29;..;13:57;13:59;14:32;14:39;15:07;15:09;..;15:39;15:47;16:14;16:27;..;16:54;17:07;17:34;17:37;18:07;18:09;..;18:49;18:47;..;19:31;19:29;20:26;20:27;;;;;;;;;;;;;;;;;;;;;;;;;;;;;;;;;;;;;;;;;;;;;;;;;;;;;;;;;;;;;;;;;;;;;;;;
LENTEGEUR;05:55;..;06:10;..;06:45;..;07:11;..;..;07:36;..;..;08:05;..;08:27;..;08:55;..;09:25;..;..;09:55;..;10:25;..;10:55;..;11:25;..;12:00;..;12:35;..;..;..;13:05;..;13:35;..;..;14:05;..;14:45;..;15:15;..;15:45;..;16:20;..;..;17:00;..;17:40;..;..;18:15;..;..;18:53;..;..;19:35;20:32;..;;;;;;;;;;;;;;;;;;;;;;;;;;;;;;;;;;;;;;;;;;;;;;;;;;;;;;;;;;;;;;;;;;;;;;;;;;
MITCHELLS PL.;..;..;05:58;..;06:14;..;06:48;..;07:14;..;..;07:39;..;..;08:08;..;08:30;..;08:58;..;09:28;..;..;09:58;..;10:28;..;10:58;..;11:28;..;12:03;..;12:38;..;..;..;13:08;..;13:38;..;..;14:08;..;14:48;..;15:18;..;15:48;..;16:23;..;..;17:03;..;17:43;..;..;18:18;..;..;18:56;..;..;19:38;20:35;..;;;;;;;;;;;;;;;;;;;;;;;;;;;;;;;;;;;;;;;;;;;;;;;;;;;;;;;;;;;;;;;;;;;;;;;;
KAPTEINSKLIP;..;..;06:01;..;06:19;..;06:51;..;07:17;..;..;07:42;..;..;08:11;..;08:33;..;09:01;..;09:31;..;..;10:01;..;10:31;..;11:01;..;11:31;..;12:06;..;12:41;..;..;..;13:11;..;13:41;..;..;14:11;..;14:51;..;15:21;..;15:51;..;16:26;..;..;17:06;..;17:46;..;..;18:21;..;..;18:59;..;..;19:41;20:38;..;;;;;;;;;;;;;;;;;;;;;;;;;;;;;;;;;;;;;;;;;;;;;;;;;;;;;;;;;;;;;;;;;;;;;;;;
STOCK ROAD;05:40;..;;06:15;06:20;..;;06:45;;07:15;..;;07:50;..;;08:30;;..;;09:10;;..;09:40;;10:15;;10:50;;..;;11:25;;12:00;;12:30;..;13:00;;13:30;;..;14:00;;14:35;;15:10;;..;;15:50;;16:30;..;;17:10;;17:40;18:10;;..;18:52;;..;19:34;;;20:30;;;;;;;;;;;;;;;;;;;;;;;;;;;;;;;;;;;;;;;;;;;;;;;;;;;;;;;;;;;;;;;;;;;;;;;;
MANDALAY;05:43;;;06:18;06:26;;;06:48;;07:18;;;07:53;;;08:33;;;;09:13;;;09:43;;10:18;;10:53;;;;11:28;;12:03;;12:33;;13:03;;13:33;;;14:03;;14:38;;15:13;;;;15:53;;16:33;;;17:13;;17:43;18:13;;;18:55;;;19:37;;;20:33;;;;;;;;;;;;;;;;;;;;;;;;;;;;;;;;;;;;;;;;;;;;;;;;;;;;;;;;;;;;;;;;;;;;;;;;
NOLUNGILE;05:46;..;;06:21;;..;;06:51;;07:21;..;;07:56;..;;08:36;;..;;09:16;;..;09:46;;10:21;;10:56;;..;;11:31;;12:06;;12:36;..;13:06;;13:36;;..;14:06;;14:41;;15:16;;..;;15:56;;16:36;..;;17:16;;17:46;18:16;;..;18:58;;..;19:40;;;20:36;;;;;;;;;;;;;;;;;;;;;;;;;;;;;;;;;;;;;;;;;;;;;;;;;;;;;;;;;;;;;;;;;;;;;;;;
NONKQUBELA;05:49;..;;06:24;;..;;06:54;;07:24;..;;07:59;..;;08:39;;..;;09:19;;..;09:49;;10:24;;10:59;;..;;11:34;;12:09;;12:39;..;13:09;;13:39;;..;14:09;;14:44;;15:19;;..;;15:59;;16:39;..;;17:19;;17:49;18:19;;..;19:01;;..;19:43;;;20:39;;;;;;;;;;;;;;;;;;;;;;;;;;;;;;;;;;;;;;;;;;;;;;;;;;;;;;;;;;;;;;;;;;;;;;;;
KHAYELITSHA;05:53;..;;06:28;;..;;06:58;;07:28;..;;08:03;..;;08:43;;..;;09:23;;..;09:53;;10:28;;11:03;;..;;11:38;;12:13;;12:43;..;13:13;;13:43;;..;14:13;;14:48;;15:23;;..;;16:03;;16:43;..;;17:23;;17:53;18:23;;..;19:05;;..;19:47;;;20:43;;;;;;;;;;;;;;;;;;;;;;;;;;;;;;;;;;;;;;;;;;;;;;;;;;;;;;;;;;;;;;;;;;;;;;;;
KUYASA;05:57;;;06:32;;;;07:02;;07:32;;;08:07;;;08:47;;;;09:27;;;09:57;;10:32;;11:07;;;;11:42;;12:17;;12:47;;13:17;;13:47;;;14:17;;14:52;;15:27;;;;16:07;;16:47;;;17:27;;17:57;18:27;;;19:09;;;19:51;;;20:47;;;;;;;;;;;;;;;;;;;;;;;;;;;;;;;;;;;;;;;;;;;;;;;;;;;;;;;;;;;;;;;;;;;;;;;;
CHRIS HANI;06:01;;;06:36;;;;07:06;;07:36;;;08:11;;;08:51;;;;09:31;;;10:01;;10:36;;11:11;;;;11:46;;12:21;;12:51;;13:21;;13:51;;;14:21;;14:56;;15:31;;;;16:11;;16:51;;;17:31;;18:01;18:31;;;19:13;;;19:55;;;20:51;;;;;;;;;;;;;;;;;;;;;;;;;;;;;;;;;;;;;;;;;;;;;;;;;;;;;;;;;;;;;;;;;;;;;;;;
LAVISTOWN;;05:36;;;;06:26;;;;;07:07;;;07:42;;;;08:27;;;;09:22;;;;;;;10:52;;;;;;;12:27;;;;;13:37;;;;;;;15:07;;;;;16:22;;;;;;;18:13;;;18:57;;;;;;;;;;;;;;;;;;;;;;;;;;;;;;;;;;;;;;;;;;;;;;;;;;;;;;;;;;;;;;;;;;;;;;;;;;;;
BELHAR;;05:40;;;;06:30;;;;;07:11;;;07:46;;;;08:31;;;;09:26;;;;;;;10:56;;;;;;;12:31;;;;;13:41;;;;;;;15:11;;;;;16:26;;;;;;;18:17;;;19:01;;;;;;;;;;;;;;;;;;;;;;;;;;;;;;;;;;;;;;;;;;;;;;;;;;;;;;;;;;;;;;;;;;;;;;;;;;;;
UNIBELL;;05:43;;;;06:33;;;;;07:14;;;07:49;;;;08:34;;;;09:29;;;;;;;10:59;;;;;;;12:34;;;;;13:44;;;;;;;15:14;;;;;16:29;;;;;;;18:20;;;19:04;;;;;;;;;;;;;;;;;;;;;;;;;;;;;;;;;;;;;;;;;;;;;;;;;;;;;;;;;;;;;;;;;;;;;;;;;;;;
PENTECH;;05:46;;;;06:36;;;;;07:17;;;07:52;;;;08:37;;;;09:32;;;;;;;11:02;;;;;;;12:37;;;;;13:47;;;;;;;15:17;;;;;16:32;;;;;;;18:23;;;19:07;;;;;;;;;;;;;;;;;;;;;;;;;;;;;;;;;;;;;;;;;;;;;;;;;;;;;;;;;;;;;;;;;;;;;;;;;;;;
SAREPTA;;05:49;;;;06:39;;;;;07:20;;;07:55;;;;08:40;;;;09:35;;;;;;;11:05;;;;;;;12:40;;;;;13:50;;;;;;;15:20;;;;;16:35;;;;;;;18:26;;;19:10;;;;;;;;;;;;;;;;;;;;;;;;;;;;;;;;;;;;;;;;;;;;;;;;;;;;;;;;;;;;;;;;;;;;;;;;;;;;
BELLVILLE;;05:55;;;;06:45;;;;;07:26;;;08:01;;;;08:46;;;;09:41;;;;;;;11:11;;;;;;;12:46;;;;;13:56;;;;;;;15:26;;;;;16:41;;;;;;;18:32;;;19:16;;;;;;;;;;;;;;;;;;;;;;;;;;;;;;;;;;;;;;;;;;;;;;;;;;;;;;;;;;;;;;;;;;;;;;;;;;;;
END;;;;;;;;;;;;;;;;;;;;;;;;;;;;;;;;;;;;;;;;;;;;;;;;;;;;;;;;;;;;;;;;;;;;;;;;;;;;;;;;;;;;;;;;;;;;;;;;;;;;;;;;;;;;;;;;;;;;;;;;;;;;;;;;;;;;;;;;;;;
SUNDAYS;;;;;;;;;;;;;;;;;;;;;;;;;;;;;;;;;;;;;;;;;;;;;;;;;;;;;;;;;;;;;;;;;;;;;;;;;;;;;;;;;;;;;;;;;;;;;;;;;;;;;;;;;;;;;;;;;;;;;;;;;;;;;;;;;;;;;;;;;;;
PLATFORM NO.;19;16;20;;20;17;20;18;16;20;17;18;19;16;20;17;18;20;16;20;16;19;20;16;20;17;18;21;20;16;20;17;18;21;16;20;16;19;16;21;15;20;;;;;;;;;;;;;;;;;;;;;;;;;;;;;;;;;;;;;;;;;;;;;;;;;;;;;;;;;;;;;;;;;;;;;;;;;;;;;;;;;;;;;;;;;;;;;;;;;
TRAIN NO.;9911;9501;9913;9001;9915;9503;9917;9003;9505;9919;9507;9005;9921;9509;9923;9511;9007;9925;9513;9927;9515;9009;9929;9517;9931;9519;9011;9933;9935;9521;9937;9523;9013;9939;9525;9941;9527;9015;9529;9943;9531;9945;;;;;;;;;;;;;;;;;;;;;;;;;;;;;;;;;;;;;;;;;;;;;;;;;;;;;;;;;;;;;;;;;;;;;;;;;;;;;;;;;;;;;;;;;;;;;;;;;
CAPE TOWN;05:25;05:50;06:05;;06:45;06:50;07:25;07:45;07:50;08:25;08:50;09:07;09:25;09:45;10:25;10:45;11:10;11:25;11:35;12:25;12:35;13:05;13:25;13:35;14:25;14:35;14:50;15:00;15:25;15:35;16:15;16:30;16:50;17:05;17:10;17:55;18:00;18:30;18:45;18:50;19:55;19:58;;;;;;;;;;;;;;;;;;;;;;;;;;;;;;;;;;;;;;;;;;;;;;;;;;;;;;;;;;;;;;;;;;;;;;;;;;;;;;;;;;;;;;;;;;;;;;;;;
WOODSTOCK;..;05:53;..;;..;06:53;..;..;07:53;..;08:53;..;..;09:48;..;10:48;..;..;11:38;..;12:38;..;..;13:38;..;14:38;..;..;..;15:38;..;16:33;..;..;17:13;..;18:03;..;18:48;..;19:58;..;;;;;;;;;;;;;;;;;;;;;;;;;;;;;;;;;;;;;;;;;;;;;;;;;;;;;;;;;;;;;;;;;;;;;;;;;;;;;;;;;;;;;;;;;;;;;;;;;
SALT RIVER;..;05:56;..;;..;06:56;..;..;07:56;..;08:56;..;..;09:51;..;10:51;..;..;11:41;..;12:41;..;..;13:41;..;14:41;..;..;..;15:41;..;16:36;..;..;17:16;..;18:06;..;18:51;..;20:01;..;;;;;;;;;;;;;;;;;;;;;;;;;;;;;;;;;;;;;;;;;;;;;;;;;;;;;;;;;;;;;;;;;;;;;;;;;;;;;;;;;;;;;;;;;;;;;;;;;
KOEBERG RD;..;05:58;..;;..;06:58;..;..;07:58;..;08:58;..;..;09:53;..;10:53;..;..;11:43;..;12:43;..;..;13:43;..;14:43;..;..;..;15:43;..;16:38;..;..;17:18;..;18:08;..;18:53;..;20:03;..;;;;;;;;;;;;;;;;;;;;;;;;;;;;;;;;;;;;;;;;;;;;;;;;;;;;;;;;;;;;;;;;;;;;;;;;;;;;;;;;;;;;;;;;;;;;;;;;;
MAITLAND;..;06:01;..;;..;07:01;..;..;08:01;..;09:01;..;..;09:56;..;10:56;..;..;11:46;..;12:46;..;..;13:46;..;14:46;..;..;..;15:46;..;16:41;..;..;17:21;..;18:11;..;18:56;..;20:06;..;;;;;;;;;;;;;;;;;;;;;;;;;;;;;;;;;;;;;;;;;;;;;;;;;;;;;;;;;;;;;;;;;;;;;;;;;;;;;;;;;;;;;;;;;;;;;;;;;
NDABENI;..;06:04;..;;..;07:04;..;..;08:04;..;09:04;..;..;09:59;..;10:59;..;..;11:49;..;12:49;..;..;13:49;..;14:49;..;..;..;15:49;..;16:44;..;..;17:24;..;18:14;..;18:59;..;20:09;..;;;;;;;;;;;;;;;;;;;;;;;;;;;;;;;;;;;;;;;;;;;;;;;;;;;;;;;;;;;;;;;;;;;;;;;;;;;;;;;;;;;;;;;;;;;;;;;;;
PINELANDS;..;06:06;..;;..;07:06;..;..;08:06;..;09:06;..;..;10:01;..;11:01;..;..;11:51;..;12:51;..;..;13:51;..;14:51;..;..;..;15:51;..;16:46;..;..;17:26;..;18:16;..;19:01;..;20:11;..;;;;;;;;;;;;;;;;;;;;;;;;;;;;;;;;;;;;;;;;;;;;;;;;;;;;;;;;;;;;;;;;;;;;;;;;;;;;;;;;;;;;;;;;;;;;;;;;;
ESPLANADE;05:29;..;06:09;;06:49;..;07:29;07:49;..;08:29;..;09:11;09:29;..;10:29;..;11:14;11:29;..;12:29;..;13:09;13:29;..;14:29;..;14:54;15:04;15:29;..;16:19;..;16:54;17:09;..;17:59;..;18:34;..;18:54;..;20:02;;;;;;;;;;;;;;;;;;;;;;;;;;;;;;;;;;;;;;;;;;;;;;;;;;;;;;;;;;;;;;;;;;;;;;;;;;;;;;;;;;;;;;;;;;;;;;;;;
PAARDENEILAND;..;..;..;;..;..;..;..;..;..;..;..;..;..;..;..;..;..;..;..;..;..;..;..;..;..;..;..;..;..;..;..;..;..;..;..;..;..;..;..;..;..;;;;;;;;;;;;;;;;;;;;;;;;;;;;;;;;;;;;;;;;;;;;;;;;;;;;;;;;;;;;;;;;;;;;;;;;;;;;;;;;;;;;;;;;;;;;;;;;;
YSTERPLAAT;05:33;..;06:13;;06:53;..;07:33;07:53;..;08:33;..;09:15;09:33;..;10:33;..;11:18;11:33;..;12:33;..;13:13;13:33;..;14:33;..;14:58;15:08;15:33;..;16:23;..;16:58;17:13;..;18:03;..;18:38;..;18:58;..;20:06;;;;;;;;;;;;;;;;;;;;;;;;;;;;;;;;;;;;;;;;;;;;;;;;;;;;;;;;;;;;;;;;;;;;;;;;;;;;;;;;;;;;;;;;;;;;;;;;;
MUTUAL;05:38;..;06:18;06:28;06:58;..;07:38;07:58;..;08:38;..;09:20;09:38;..;10:38;..;11:23;11:38;..;12:38;..;13:18;13:38;..;14:38;..;15:03;15:13;15:38;..;16:28;..;17:03;17:18;..;18:08;..;18:43;..;19:03;..;20:11;;;;;;;;;;;;;;;;;;;;;;;;;;;;;;;;;;;;;;;;;;;;;;;;;;;;;;;;;;;;;;;;;;;;;;;;;;;;;;;;;;;;;;;;;;;;;;;;;
LANGA;05:43;06:11;06:23;06:32;07:03;07:11;07:43;08:03;08:11;08:43;09:11;09:25;09:43;10:06;10:43;11:06;11:28;11:43;11:56;12:43;12:56;13:23;13:43;13:56;14:43;14:56;15:08;15:18;15:43;15:56;16:33;16:51;17:08;17:23;17:31;18:13;18:21;18:48;19:06;19:08;20:16;20:16;;;;;;;;;;;;;;;;;;;;;;;;;;;;;;;;;;;;;;;;;;;;;;;;;;;;;;;;;;;;;;;;;;;;;;;;;;;;;;;;;;;;;;;;;;;;;;;;;
BONTEHEUWEL;05:47;06:15;06:27;06:36;07:07;07:15;07:47;08:07;08:15;08:47;09:15;09:29;09:47;10:10;10:47;11:10;11:32;11:47;12:00;12:47;13:00;13:27;13:47;14:00;14:47;15:00;15:12;15:22;15:47;16:00;16:37;16:55;17:12;17:27;17:35;18:17;18:25;18:52;19:10;19:12;20:20;20:23;;;;;;;;;;;;;;;;;;;;;;;;;;;;;;;;;;;;;;;;;;;;;;;;;;;;;;;;;;;;;;;;;;;;;;;;;;;;;;;;;;;;;;;;;;;;;;;;;
NETREG;05:50;06:18;06:30;..;07:10;07:18;07:50;..;08:18;08:50;09:18;..;09:50;10:13;10:50;11:13;..;11:50;12:03;12:50;13:03;..;13:50;14:03;14:50;15:03;..;15:25;15:50;16:03;16:40;16:58;..;17:30;17:38;18:20;18:28;..;19:13;19:15;20:23;20:26;;;;;;;;;;;;;;;;;;;;;;;;;;;;;;;;;;;;;;;;;;;;;;;;;;;;;;;;;;;;;;;;;;;;;;;;;;;;;;;;;;;;;;;;;;;;;;;;;
HEIDEVELD;05:53;06:21;06:33;..;07:13;07:21;07:53;..;08:21;08:53;09:21;..;09:53;10:16;10:53;11:16;..;11:53;12:06;12:53;13:06;..;13:53;14:06;14:53;15:06;..;15:28;15:53;16:06;16:43;17:01;..;17:33;17:41;18:23;18:31;..;19:16;19:18;20:26;20:29;;;;;;;;;;;;;;;;;;;;;;;;;;;;;;;;;;;;;;;;;;;;;;;;;;;;;;;;;;;;;;;;;;;;;;;;;;;;;;;;;;;;;;;;;;;;;;;;;
NYANGA;05:57;06:25;06:37;..;07:17;07:25;07:57;..;08:25;08:57;09:25;..;09:57;10:20;10:57;11:20;..;11:57;12:10;12:57;13:10;..;13:57;14:10;14:57;15:10;..;15:32;15:57;16:10;16:47;17:05;..;17:37;17:45;18:27;18:35;..;19:20;19:22;20:30;20:33;;;;;;;;;;;;;;;;;;;;;;;;;;;;;;;;;;;;;;;;;;;;;;;;;;;;;;;;;;;;;;;;;;;;;;;;;;;;;;;;;;;;;;;;;;;;;;;;;
PHILIPPI;06:02;06:29;06:42;..;07:22;07:29;08:02;..;08:29;09:02;09:29;..;10:02;10:24;11:02;11:24;..;12:02;12:14;13:02;13:14;..;14:02;14:14;15:02;15:14;..;15:37;16:02;16:14;16:52;17:09;..;17:42;17:49;18:32;18:39;..;19:24;19:27;20:34;20:38;;;;;;;;;;;;;;;;;;;;;;;;;;;;;;;;;;;;;;;;;;;;;;;;;;;;;;;;;;;;;;;;;;;;;;;;;;;;;;;;;;;;;;;;;;;;;;;;;
LENTEGEUR;..;06:35;..;..;..;07:35;..;..;08:35;..;09:35;..;..;10:30;..;11:30;..;..;12:20;..;13:20;..;..;14:20;..;15:20;..;..;..;16:20;..;17:15;..;..;17:55;..;18:45;..;19:30;..;20:40;..;;;;;;;;;;;;;;;;;;;;;;;;;;;;;;;;;;;;;;;;;;;;;;;;;;;;;;;;;;;;;;;;;;;;;;;;;;;;;;;;;;;;;;;;;;;;;;;;;
MITCHELLS PL.;..;06:38;..;..;..;07:38;..;..;08:38;..;09:38;..;..;10:33;..;11:33;..;..;12:23;..;13:23;..;..;14:23;..;15:23;..;..;..;16:23;..;17:18;..;..;17:58;..;18:48;..;19:33;..;20:43;..;;;;;;;;;;;;;;;;;;;;;;;;;;;;;;;;;;;;;;;;;;;;;;;;;;;;;;;;;;;;;;;;;;;;;;;;;;;;;;;;;;;;;;;;;;;;;;;;;
KAPTEINSKLIP;..;06:41;..;..;..;07:41;..;..;08:41;..;09:41;..;..;10:36;..;11:36;..;..;12:26;..;13:26;..;..;14:26;..;15:26;..;..;..;16:26;..;17:21;..;..;18:01;..;18:51;..;19:36;..;20:46;..;;;;;;;;;;;;;;;;;;;;;;;;;;;;;;;;;;;;;;;;;;;;;;;;;;;;;;;;;;;;;;;;;;;;;;;;;;;;;;;;;;;;;;;;;;;;;;;;;
STOCK ROAD;06:05;;06:45;..;07:25;;08:05;..;;09:05;;..;10:05;;11:05;;..;12:05;;13:05;;..;14:05;;15:05;;..;15:40;16:05;;16:55;;..;17:45;;18:35;;..;;19:30;;20:41;;;;;;;;;;;;;;;;;;;;;;;;;;;;;;;;;;;;;;;;;;;;;;;;;;;;;;;;;;;;;;;;;;;;;;;;;;;;;;;;;;;;;;;;;;;;;;;;;
MANDALAY;06:08;;06:48;;07:28;;08:08;;;09:08;;;10:08;;11:08;;;12:08;;13:08;;;14:08;;15:08;;;15:43;16:08;;16:58;;;17:48;;18:38;;;;19:33;;20:44;;;;;;;;;;;;;;;;;;;;;;;;;;;;;;;;;;;;;;;;;;;;;;;;;;;;;;;;;;;;;;;;;;;;;;;;;;;;;;;;;;;;;;;;;;;;;;;;;
NOLUNGILE;06:11;;06:51;..;07:31;;08:11;..;;09:11;;..;10:11;;11:11;;..;12:11;;13:11;;..;14:11;;15:11;;..;15:46;16:11;;17:01;;..;17:51;;18:41;;..;;19:36;;20:47;;;;;;;;;;;;;;;;;;;;;;;;;;;;;;;;;;;;;;;;;;;;;;;;;;;;;;;;;;;;;;;;;;;;;;;;;;;;;;;;;;;;;;;;;;;;;;;;;
NONKQUBELA;06:14;;06:54;..;07:34;;08:14;..;;09:14;;..;10:14;;11:14;;..;12:14;;13:14;;..;14:14;;15:14;;..;15:49;16:14;;17:04;;..;17:54;;18:44;;..;;19:39;;20:50;;;;;;;;;;;;;;;;;;;;;;;;;;;;;;;;;;;;;;;;;;;;;;;;;;;;;;;;;;;;;;;;;;;;;;;;;;;;;;;;;;;;;;;;;;;;;;;;;
KHAYELITSHA;06:18;;06:58;..;07:38;;08:18;..;;09:18;;..;10:18;;11:18;;..;12:18;;13:18;;..;14:18;;15:18;;..;15:53;16:18;;17:08;;..;17:58;;18:48;;..;;19:43;;20:54;;;;;;;;;;;;;;;;;;;;;;;;;;;;;;;;;;;;;;;;;;;;;;;;;;;;;;;;;;;;;;;;;;;;;;;;;;;;;;;;;;;;;;;;;;;;;;;;;
KUYASA;06:22;;07:02;;07:42;;08:22;;;09:22;;;10:22;;11:22;;;12:22;;13:22;;;14:22;;15:22;;;15:57;16:22;;17:12;;;18:02;;18:52;;;;19:47;;20:58;;;;;;;;;;;;;;;;;;;;;;;;;;;;;;;;;;;;;;;;;;;;;;;;;;;;;;;;;;;;;;;;;;;;;;;;;;;;;;;;;;;;;;;;;;;;;;;;;
CHRIS HANI;06:26;;07:06;;07:46;;08:26;;;09:26;;;10:26;;11:26;;;12:26;;13:26;;;14:26;;15:26;;;16:01;16:26;;17:16;;;18:06;;18:56;;;;19:51;;21:02;;;;;;;;;;;;;;;;;;;;;;;;;;;;;;;;;;;;;;;;;;;;;;;;;;;;;;;;;;;;;;;;;;;;;;;;;;;;;;;;;;;;;;;;;;;;;;;;;
LAVISTOWN;;;;06:40;;;;08:11;;;;09:33;;;;;11:36;;;;;13:31;;;;;15:16;;;;;;17:16;;;;;18:56;;;;;;;;;;;;;;;;;;;;;;;;;;;;;;;;;;;;;;;;;;;;;;;;;;;;;;;;;;;;;;;;;;;;;;;;;;;;;;;;;;;;;;;;;;;;;;;;;;;;;
BELHAR;;;;06:44;;;;08:15;;;;09:37;;;;;11:40;;;;;13:35;;;;;15:20;;;;;;17:20;;;;;19:00;;;;;;;;;;;;;;;;;;;;;;;;;;;;;;;;;;;;;;;;;;;;;;;;;;;;;;;;;;;;;;;;;;;;;;;;;;;;;;;;;;;;;;;;;;;;;;;;;;;;;
UNIBELL;;;;06:47;;;;08:18;;;;09:40;;;;;11:43;;;;;13:38;;;;;15:23;;;;;;17:23;;;;;19:03;;;;;;;;;;;;;;;;;;;;;;;;;;;;;;;;;;;;;;;;;;;;;;;;;;;;;;;;;;;;;;;;;;;;;;;;;;;;;;;;;;;;;;;;;;;;;;;;;;;;;
PENTECH;;;;06:50;;;;08:21;;;;09:43;;;;;11:46;;;;;13:41;;;;;15:26;;;;;;17:26;;;;;19:06;;;;;;;;;;;;;;;;;;;;;;;;;;;;;;;;;;;;;;;;;;;;;;;;;;;;;;;;;;;;;;;;;;;;;;;;;;;;;;;;;;;;;;;;;;;;;;;;;;;;;
SAREPTA;;;;06:53;;;;08:24;;;;09:46;;;;;11:49;;;;;13:44;;;;;15:29;;;;;;17:29;;;;;19:09;;;;;;;;;;;;;;;;;;;;;;;;;;;;;;;;;;;;;;;;;;;;;;;;;;;;;;;;;;;;;;;;;;;;;;;;;;;;;;;;;;;;;;;;;;;;;;;;;;;;;
BELLVILLE;;;;06:59;;;;08:30;;;;09:52;;;;;11:55;;;;;13:50;;;;;15:35;;;;;;17:35;;;;;19:15;;;;;;;;;;;;;;;;;;;;;;;;;;;;;;;;;;;;;;;;;;;;;;;;;;;;;;;;;;;;;;;;;;;;;;;;;;;;;;;;;;;;;;;;;;;;;;;;;;;;;
END;;;;;;;;;;;;;;;;;;;;;;;;;;;;;;;;;;;;;;;;;;;;;;;;;;;;;;;;;;;;;;;;;;;;;;;;;;;;;;;;;;;;;;;;;;;;;;;;;;;;;;;;;;;;;;;;;;;;;;;;;;;;;;;;;;;;;;;;;;;
CHRIS HANI - CAPE TOWN;;;;;;;;;;;;;;;;;;;;;;;;;;;;;;;;;;;;;;;;;;;;;;;;;;;;;;;;;;;;;;;;;;;;;;;;;;;;;;;;;;;;;;;;;;;;;;;;;;;;;;;;;;;;;;;;;;;;;;;;;;;;;;;;;;;;;;;;;;;
MONDAYS TO FRIDAYS;;;;;;;;;;;;;;;;;;;;;;;;;;;;;;;;;;;;;;;;;;;;;;;;;;;;;;;;;;;;;;;;;;;;;;;;;;;;;;;;;;;;;;;;;;;;;;;;;;;;;;;;;;;;;;;;;;;;;;;;;;;;;;;;;;;;;;;;;;;
TRAIN NO.;9912;9502;9302;9202;9504;9002;9914;9506;9916;9402;9566;9004;9918;9508;9404;9510;9920;9006;9206;9572;9406;9922;9512;9924;9208;9308;9210;9008;9514;9926;9516;9928;9992;9212;9984;9010;9570;9518;9408;9932;9214;9520;9934;9014;9936;9522;9938;9016;9940;9524;9942;9018;9944;9526;9020;9946;9528;9022;9948;9530;9950;9532;9024;9952;9534;9954;9536;9026;9956;9538;9958;9540;9028;9960;9542;9962;9544;9030;9964;9546;9966;9548;9032;9968;9550;9034;9970;9552;9036;9554;9972;9038;9556;9988;9040;9974;9558;9042;9560;9976;9044;9978;9562;9046;9986;9564;9980;9048;9568;9982;;;;;;;;;;;;;;;;;;;;;;;;;;;;;
BELLVILLE;;;;;;05:15;;;;;;05:48;;;;;;06:13;;;;;;;;;;06:41;;;;;;;;07:05;;;;;;;;07:40;;;;08:12;;;;08:43;;;09:05;;;09:50;;;;;10:40;;;;;11:50;;;;;12:50;;;;;13:55;;;;;14:50;;;15:20;;;15:50;;;16:25;;;16:50;;;17:15;;;17:45;;;18:15;;;;18:50;;;;;;;;;;;;;;;;;;;;;;;;;;;;;;;
SAREPTA;;;;;;05:22;;;;;;05:55;;;;;;06:20;;;;;;;;;;06:48;;;;;;;;07:12;;;;;;;;07:47;;;;08:19;;;;08:50;;;09:12;;;09:57;;;;;10:47;;;;;11:57;;;;;12:57;;;;;14:02;;;;;14:57;;;15:27;;;15:57;;;16:32;;;16:57;;;17:22;;;17:52;;;18:22;;;;18:57;;;;;;;;;;;;;;;;;;;;;;;;;;;;;;;
PENTECH;;;;;;05:25;;;;;;05:58;;;;;;06:23;;;;;;;;;;06:51;;;;;;;;07:15;;;;;;;;07:50;;;;08:22;;;;08:53;;;09:15;;;10:00;;;;;10:50;;;;;12:00;;;;;13:00;;;;;14:05;;;;;15:00;;;15:30;;;16:00;;;16:35;;;17:00;;;17:25;;;17:55;;;18:25;;;;19:00;;;;;;;;;;;;;;;;;;;;;;;;;;;;;;;
UNIBELL;;;;;;05:27;;;;;;06:00;;;;;;06:25;;;;;;;;;;06:53;;;;;;;;07:17;;;;;;;;07:52;;;;08:24;;;;08:55;;;09:17;;;10:02;;;;;10:52;;;;;12:02;;;;;13:02;;;;;14:07;;;;;15:02;;;15:32;;;16:02;;;16:37;;;17:02;;;17:27;;;17:57;;;18:27;;;;19:02;;;;;;;;;;;;;;;;;;;;;;;;;;;;;;;
BELHAR;;;;;;05:30;;;;;;06:03;;;;;;06:28;;;;;;;;;;06:56;;;;;;;;07:20;;;;;;;;07:55;;;;08:27;;;;08:58;;;09:20;;;10:05;;;;;10:55;;;;;12:05;;;;;13:05;;;;;14:10;;;;;15:05;;;15:35;;;16:05;;;16:40;;;17:05;;;17:30;;;18:00;;;18:30;;;;19:05;;;;;;;;;;;;;;;;;;;;;;;;;;;;;;;
LAVISTOWN;;;;;;05:33;;;;;;06:06;;;;;;06:31;;;;;;;;;;06:59;;;;;;;;07:23;;;;;;;;07:58;;;;08:30;;;;09:01;;;09:23;;;10:08;;;;;10:58;;;;;12:08;;;;;13:08;;;;;14:13;;;;;15:08;;;15:38;;;16:08;;;16:43;;;17:08;;;17:33;;;18:03;;;18:33;;;;19:08;;;;;;;;;;;;;;;;;;;;;;;;;;;;;;;
CHRIS HANI;04:20;;04:40;;;;05:05;;05:20;;;;05:35;;;;05:50;;;;;06:05;;06:15;;;;;;06:30;;06:45;;;06:55;;;;;07:15;;;07:25;;07:35;;07:50;;08:00;;08:20;;08:40;;;09:10;;;09:40;;10:10;;;10:45;;11:15;;;11:45;;12:05;;;12:45;;13:20;;;13:50;;14:25;;;14:55;;;15:25;;;;15:50;;;16:15;;16:33;;;;17:08;;17:40;;;18:05;;18:25;;;19:00;;;;;;;;;;;;;;;;;;;;;;;;;;;;;
KUYASA;04:24;;04:44;;;;05:09;;05:24;;;;05:39;;;;05:54;;;;;06:09;;06:19;;;;;;06:34;;06:49;;;06:59;;;;;07:19;;;07:29;;07:39;;07:54;;08:04;;08:24;;08:44;;;09:14;;;09:44;;10:14;;;10:49;;11:19;;;11:49;;12:09;;;12:49;;13:24;;;13:54;;14:29;;;14:59;;;15:29;;;;15:54;;;16:19;;16:37;;;;17:12;;17:44;;;18:09;;18:29;;;19:04;;;;;;;;;;;;;;;;;;;;;;;;;;;;;
KHAYELITSHA;04:28;;04:48;;;..;05:13;;05:28;05:35;;..;05:43;;05:50;;05:58;..;;;06:10;06:13;;06:23;;06:30;;..;;06:38;;06:53;06:52;;07:03;..;;;07:10;07:23;;;07:33;..;07:43;;07:58;..;08:08;;08:28;..;08:48;;..;09:18;;..;09:48;;10:18;;..;10:53;;11:23;;..;11:53;;12:13;;..;12:53;;13:28;;..;13:58;;14:33;;..;15:03;;..;15:33;;..;;15:58;..;;16:23;..;16:41;;..;;17:16;..;17:48;;..;18:13;;18:33;..;;19:08;;;;;;;;;;;;;;;;;;;;;;;;;;;;;
NONKQUBELA;04:31;;04:51;;;..;05:16;;05:31;05:38;;..;05:46;;05:53;;06:01;..;;;06:13;06:16;;06:26;;06:33;;..;;06:41;;06:56;..;;07:06;..;;;07:13;07:26;;;07:36;..;07:46;;08:01;..;08:11;;08:31;..;08:51;;..;09:21;;..;09:51;;10:21;;..;10:56;;11:26;;..;11:56;;12:16;;..;12:56;;13:31;;..;14:01;;14:36;;..;15:06;;..;15:36;;..;;16:01;..;;16:26;..;16:44;;..;;17:19;..;17:51;;..;18:16;;18:36;..;;19:11;;;;;;;;;;;;;;;;;;;;;;;;;;;;;
NOLUNGILE;04:34;;04:54;;;..;05:19;;05:34;05:41;;..;05:49;;05:56;;06:04;..;;;06:16;06:19;;06:29;;06:36;;..;;06:44;;06:59;..;;07:09;..;;;07:16;07:29;;;07:39;..;07:49;;08:04;..;08:14;;08:34;..;08:54;;..;09:24;;..;09:54;;10:24;;..;10:59;;11:29;;..;11:59;;12:19;;..;12:59;;13:34;;..;14:04;;14:39;;..;15:09;;..;15:39;;..;;16:04;..;;16:29;..;16:47;;..;;17:22;..;17:54;;..;18:19;;18:39;..;;19:14;;;;;;;;;;;;;;;;;;;;;;;;;;;;;
MANDALAY;04:39;;04:59;;;..;05:24;;05:39;05:46;;..;05:54;;06:01;;;..;06:12;;06:21;06:24;;06:34;;06:41;;..;;06:49;;07:04;07:04;;07:14;..;;;07:21;;07:41;;07:44;..;07:54;;08:09;..;08:19;;08:39;..;08:59;;..;09:29;;..;09:59;;10:29;;..;11:04;;11:34;;..;12:04;;12:24;;..;13:04;;13:39;;..;14:09;;14:44;;..;15:14;;..;15:44;;..;;16:09;..;;16:34;..;16:52;;..;;17:27;..;17:59;;..;18:24;;18:44;..;;19:19;;;;;;;;;;;;;;;;;;;;;;;;;;;;;
STOCK ROAD;04:41;;05:01;;;..;05:26;;05:41;05:48;;..;05:56;;06:03;;06:10;..;06:14;;06:23;06:26;;06:36;;06:43;;..;;06:51;;07:06;07:06;;07:16;..;;;07:23;07:35;07:43;;07:46;..;07:56;;08:11;..;08:21;;08:41;..;09:01;;..;09:31;;..;10:01;;10:31;;..;11:06;;11:36;;..;12:06;;12:26;;..;13:06;;13:41;;..;14:11;;14:46;;..;15:16;;..;15:46;;..;;16:11;..;;16:36;..;16:54;;..;;17:29;..;18:01;;..;18:26;;18:46;..;;19:21;;;;;;;;;;;;;;;;;;;;;;;;;;;;;
KAPTEINSKLIP;..;04:35;..;04:50;05:08;..;..;05:25;..;..;05:42;..;..;05:50;..;06:00;..;..;;06:12;..;..;06:20;..;06:30;..;;..;06:40;..;06:50;..;..;07:05;..;..;;07:12;..;..;;07:32;..;..;..;07:52;..;..;..;08:25;..;..;..;09:00;..;..;09:35;..;..;10:10;..;10:35;..;..;11:05;..;11:35;..;..;12:15;..;12:40;..;..;13:13;..;13:40;..;..;14:20;..;14:40;..;..;15:15;..;..;15:40;..;16:00;..;..;16:28;..;..;..;17:00;..;17:23;..;..;..;18:00;..;..;18:20;..;..;19:10;..;;;;;;;;;;;;;;;;;;;;;;;;;;;;;
MITCHELLS PL.;..;04:38;..;04:53;05:11;..;..;05:28;..;..;05:45;..;..;05:53;..;06:03;..;..;;06:15;..;..;06:23;..;06:33;..;;..;06:43;..;06:53;..;..;07:08;..;..;;07:15;..;..;;07:35;..;..;..;07:55;..;..;..;08:28;..;..;..;09:03;..;..;09:38;..;..;10:13;..;10:38;..;..;11:08;..;11:38;..;..;12:18;..;12:43;..;..;13:16;..;13:43;..;..;14:23;..;14:43;..;..;15:18;..;..;15:43;..;16:03;..;..;16:31;..;..;..;17:03;..;17:26;..;..;..;18:03;..;..;18:23;..;..;19:13;..;;;;;;;;;;;;;;;;;;;;;;;;;;;;;
LENTEGEUR;..;04:42;..;04:57;05:15;..;..;05:32;..;..;05:49;..;..;05:57;..;06:07;..;..;;06:19;..;..;06:27;..;06:37;..;;..;06:47;..;06:57;..;..;07:12;..;..;;07:19;..;..;;07:39;..;..;..;07:59;..;..;..;08:32;..;..;..;09:07;..;..;09:42;..;..;10:17;..;10:42;..;..;11:12;..;11:42;..;..;12:22;..;12:47;..;..;13:20;..;13:47;..;..;14:27;..;14:47;..;..;15:22;..;..;15:47;..;16:07;..;..;16:35;..;..;..;17:07;..;17:30;..;..;..;18:07;..;..;18:27;..;..;19:17;..;;;;;;;;;;;;;;;;;;;;;;;;;;;;;
PHILIPPI;04:44;04:46;05:04;05:01;05:19;..;05:29;05:36;05:44;05:51;05:53;..;05:59;06:01;06:05;06:11;;..;;06:24;06:26;06:29;06:31;06:39;..;06:46;;..;06:51;06:54;07:01;07:09;..;07:16;07:19;..;;07:23;07:25;;;07:43;07:49;..;07:59;08:03;08:14;..;08:24;08:36;08:44;..;09:04;09:11;..;09:34;09:46;..;10:04;10:21;10:34;10:46;..;11:09;11:16;11:39;11:46;..;12:09;12:26;12:29;12:51;..;13:09;13:24;13:44;13:51;..;14:14;14:31;14:49;14:51;..;15:19;15:26;..;15:49;15:51;..;16:11;16:14;..;16:39;16:39;..;16:57;17:11;..;17:34;17:32;..;18:04;18:11;..;18:29;18:31;18:49;..;19:21;19:24;;;;;;;;;;;;;;;;;;;;;;;;;;;;;
NYANGA;04:49;04:51;05:09;05:06;05:24;..;05:34;05:41;05:49;05:56;05:58;..;..;06:06;06:10;06:16;..;..;06:22;06:23;06:31;06:34;06:36;06:44;06:45;..;06:50;..;06:56;..;07:06;07:14;07:15;07:21;;..;07:18;07:28;07:30;07:43;07:47;07:48;07:54;..;08:04;08:06;08:19;..;08:29;08:40;08:49;..;09:09;09:14;..;09:39;09:49;..;10:09;10:24;10:39;10:50;..;11:14;11:19;11:44;11:49;..;12:14;12:24;12:34;12:54;..;13:14;13:24;13:49;13:54;..;14:19;14:29;14:54;14:54;..;15:24;15:29;..;15:54;15:54;..;16:14;16:19;..;16:39;16:44;..;17:02;17:16;..;17:37;17:37;..;18:09;18:14;..;18:34;18:34;18:54;..;19:24;19:29;;;;;;;;;;;;;;;;;;;;;;;;;;;;;
HEIDEVELD;04:53;04:55;05:13;05:10;05:28;..;05:38;05:45;05:53;06:00;06:02;..;06:08;06:10;06:14;06:20;06:23;..;06:26;06:27;06:35;06:38;06:40;06:48;06:49;06:53;06:54;..;07:00;07:02;07:10;..;07:19;07:25;07:23;..;07:22;07:32;07:34;07:47;07:51;07:52;07:58;..;08:08;08:10;08:23;..;08:33;08:44;08:53;..;09:13;09:18;..;09:43;09:53;..;10:13;10:28;10:43;10:54;..;11:18;11:23;11:48;11:53;..;12:18;12:28;12:38;12:58;..;13:18;13:28;13:53;13:58;..;14:23;14:33;14:58;14:58;..;15:28;15:33;..;15:58;15:58;..;16:18;16:23;..;16:43;16:48;..;17:06;17:20;..;17:41;17:41;..;18:13;18:18;..;18:38;18:38;18:58;..;19:28;19:33;;;;;;;;;;;;;;;;;;;;;;;;;;;;;
NETREG;04:57;04:59;05:17;05:14;05:32;..;05:42;05:49;05:57;06:04;06:06;..;..;06:14;06:18;06:24;..;..;06:30;06:31;06:39;06:42;06:44;06:52;06:53;..;06:58;..;07:04;..;07:14;..;..;07:29;;..;07:26;07:36;07:38;07:51;07:55;07:56;08:02;..;08:12;08:14;08:27;..;08:37;08:48;08:57;..;09:17;09:22;..;09:47;09:57;..;10:17;10:32;10:47;10:58;..;11:22;11:27;11:52;11:57;..;12:22;12:32;12:42;13:02;..;13:22;13:32;13:57;14:02;..;14:27;14:37;15:02;15:02;..;15:32;15:37;..;16:02;16:02;..;16:22;16:27;..;16:47;16:52;..;17:10;17:24;..;17:45;17:45;..;18:17;18:22;..;18:42;18:42;19:02;..;19:32;19:37;;;;;;;;;;;;;;;;;;;;;;;;;;;;;
BONTEHEUWEL;05:01;05:03;05:21;05:18;05:36;05:38;05:46;05:53;06:01;06:08;06:10;06:11;06:14;06:18;06:22;06:28;06:29;06:36;06:34;06:36;06:43;06:46;06:48;06:56;06:57;07:00;07:02;07:05;07:08;07:09;07:18;07:19;..;07:33;07:29;07:28;07:30;07:40;07:42;07:55;07:58;08:00;08:06;08:07;08:16;08:18;08:31;08:35;08:41;08:52;09:01;09:03;09:21;09:26;09:28;09:51;10:01;10:13;10:21;10:36;10:51;11:02;11:03;11:26;11:31;11:56;12:01;12:13;12:26;12:36;12:46;13:06;13:13;13:26;13:36;14:01;14:06;14:18;14:31;14:41;15:06;15:06;15:13;15:36;15:41;15:43;16:06;16:06;16:13;16:26;16:31;16:48;16:51;16:56;17:13;17:14;17:28;17:38;17:49;17:49;18:08;18:21;18:26;18:38;18:46;18:46;19:06;19:13;19:36;19:41;;;;;;;;;;;;;;;;;;;;;;;;;;;;;
LANGA;05:04;05:06;05:24;05:21;05:39;05:41;05:49;05:56;06:04;06:11;06:13;06:14;06:17;06:21;06:25;06:31;06:32;06:41;06:37;06:39;06:46;06:49;06:51;06:59;07:00;07:03;07:05;07:08;07:11;07:12;07:21;07:22;..;07:36;07:32;07:31;07:33;07:43;07:45;07:58;08:02;08:03;08:09;08:11;08:19;08:21;08:34;08:39;08:44;08:55;09:04;09:06;09:24;09:29;09:31;09:54;10:04;10:16;10:24;10:39;10:54;11:05;11:06;11:29;11:34;11:59;12:04;12:16;12:29;12:39;12:49;13:09;13:16;13:29;13:39;14:04;14:09;14:21;14:34;14:44;15:09;15:09;15:16;15:39;15:44;15:46;16:09;16:09;16:16;16:29;16:34;16:51;16:54;16:59;17:16;17:17;17:31;17:41;17:52;17:52;18:11;18:24;18:29;18:41;18:49;18:49;19:09;19:16;19:39;19:44;;;;;;;;;;;;;;;;;;;;;;;;;;;;;
MUTUAL;05:08;..;..;05:25;..;05:45;05:53;..;06:08;06:15;..;06:18;06:21;..;06:29;..;06:36;06:45;06:41;..;06:50;06:53;..;07:03;07:04;..;07:09;07:12;..;07:16;..;07:26;07:28;07:40;07:36;07:35;..;..;07:49;08:02;08:06;..;08:13;..;08:23;..;08:38;..;08:48;..;09:08;..;09:28;..;09:35;09:58;..;10:20;10:28;..;10:58;..;11:10;11:33;..;12:03;..;12:20;12:33;..;12:53;..;13:20;13:33;..;14:08;..;14:25;14:38;..;15:13;..;15:20;15:43;..;15:50;16:13;..;16:20;..;16:38;16:55;..;17:03;17:20;17:21;..;17:45;..;17:56;18:15;18:28;..;18:45;18:53;..;19:13;19:20;..;19:48;;;;;;;;;;;;;;;;;;;;;;;;;;;;;
YSTERPLAAT;05:14;..;..;05:31;..;05:51;05:59;..;06:14;06:21;..;06:24;06:27;..;06:35;..;06:42;06:51;06:47;..;06:56;06:59;..;07:09;07:10;..;07:15;07:18;..;07:22;..;07:32;..;07:46;07:42;07:41;..;..;07:55;08:08;08:12;..;08:19;..;08:29;..;08:44;..;08:54;..;09:14;..;09:34;..;09:41;10:04;..;10:26;10:34;..;11:04;..;11:16;11:39;..;12:09;..;12:26;12:39;..;12:59;..;13:26;13:39;..;14:14;..;14:31;14:44;..;15:19;..;15:26;15:49;..;15:56;16:19;..;16:26;..;16:44;17:01;..;17:09;17:26;17:27;..;17:51;..;18:02;18:21;18:34;..;18:51;18:59;..;19:19;19:26;..;19:54;;;;;;;;;;;;;;;;;;;;;;;;;;;;;
PAARDENEILAND;..;..;..;..;..;..;..;..;..;..;..;..;06:29;..;06:37;..;..;..;..;..;07:01;07:01;..;..;..;..;..;..;..;..;..;..;..;..;..;..;..;..;;..;..;..;..;..;..;..;..;..;..;..;..;..;..;..;..;..;..;..;..;..;..;..;..;..;..;..;..;..;..;..;..;..;..;..;..;..;..;..;..;..;..;..;..;..;..;..;..;..;..;..;..;..;..;..;..;..;..;..;..;..;..;..;..;..;..;..;..;..;..;..;;;;;;;;;;;;;;;;;;;;;;;;;;;;;
ESPLANADE;05:18;..;..;05:35;..;05:55;06:03;..;06:18;06:25;..;06:28;06:31;..;06:39;..;06:46;06:55;06:51;..;07:00;07:03;..;07:13;07:14;..;07:19;07:22;..;07:26;..;07:36;..;07:50;07:46;07:45;..;..;07:59;08:12;08:16;..;08:23;..;08:33;..;08:48;..;08:58;..;09:18;..;09:38;..;09:45;10:08;..;10:30;10:38;..;11:08;..;11:20;11:43;..;12:13;..;12:30;12:43;..;13:03;..;13:30;13:43;..;14:18;..;14:35;14:48;..;15:23;..;15:30;15:53;..;16:00;16:23;..;16:30;..;16:48;17:05;..;17:13;17:30;17:31;..;17:55;..;18:06;18:25;18:38;..;18:55;19:03;..;19:23;19:30;..;19:58;;;;;;;;;;;;;;;;;;;;;;;;;;;;;
PINELANDS;..;05:11;05:29;..;05:44;..;..;06:01;..;..;06:18;..;..;06:26;..;06:36;..;..;..;06:44;..;..;06:56;..;..;07:08;..;..;07:16;..;07:26;..;..;..;..;..;07:38;07:48;..;..;..;08:08;..;08:16;..;08:26;..;08:44;..;09:00;..;09:11;..;09:34;..;..;10:09;..;..;10:44;..;11:10;..;..;11:39;..;12:09;..;..;12:44;..;13:14;..;..;13:44;..;14:14;..;..;14:49;..;15:14;..;..;15:49;..;..;16:14;..;16:34;..;..;16:59;..;..;..;17:36;..;17:57;..;..;..;18:34;..;..;18:54;..;..;19:44;..;;;;;;;;;;;;;;;;;;;;;;;;;;;;;
NDABENI;..;05:13;05:31;..;05:46;..;..;06:03;..;..;06:20;..;..;06:28;..;06:38;..;..;..;06:46;..;..;06:58;..;..;07:10;..;..;07:18;..;07:28;..;..;..;..;..;07:40;07:50;..;..;..;08:10;..;08:18;..;08:28;..;08:46;..;09:02;..;09:13;..;09:36;..;..;10:11;..;..;10:46;..;11:12;..;..;11:41;..;12:11;..;..;12:46;..;13:16;..;..;13:46;..;14:16;..;..;14:51;..;15:16;..;..;15:51;..;..;16:16;..;16:36;..;..;17:01;..;..;..;17:38;..;17:59;..;..;..;18:36;..;..;18:56;..;..;19:46;..;;;;;;;;;;;;;;;;;;;;;;;;;;;;;
MAITLAND;..;05:16;05:34;..;05:49;..;..;06:06;..;..;06:23;..;..;06:31;..;06:41;..;..;..;06:49;..;..;07:01;..;..;07:13;..;..;07:21;..;07:31;..;..;..;..;..;07:43;07:53;..;..;..;08:13;..;08:21;..;08:31;..;08:49;..;09:05;..;09:16;..;09:39;..;..;10:14;..;..;10:49;..;11:15;..;..;11:44;..;12:14;..;..;12:49;..;13:19;..;..;13:49;..;14:19;..;..;14:54;..;15:19;..;..;15:54;..;..;16:19;..;16:39;..;..;17:04;..;..;..;17:41;..;18:02;..;..;..;18:39;..;..;18:59;..;..;19:49;..;;;;;;;;;;;;;;;;;;;;;;;;;;;;;
KOEBERG RD;..;05:18;05:36;..;05:51;..;..;06:08;..;..;06:25;..;..;06:33;..;06:43;..;..;..;06:51;..;..;07:03;..;..;07:15;..;..;07:23;..;07:33;..;..;..;..;..;07:45;07:55;..;..;..;08:15;..;08:23;..;08:33;..;08:51;..;09:07;..;09:18;..;09:41;..;..;10:16;..;..;10:51;..;11:17;..;..;11:46;..;12:16;..;..;12:51;..;13:21;..;..;13:51;..;14:21;..;..;14:56;..;15:21;..;..;15:56;..;..;16:21;..;16:41;..;..;17:06;..;..;..;17:43;..;18:04;..;..;..;18:41;..;..;19:01;..;..;19:51;..;;;;;;;;;;;;;;;;;;;;;;;;;;;;;
SALT RIVER;..;05:21;05:39;..;05:54;..;..;06:11;..;..;06:28;..;..;06:36;..;06:46;..;..;..;06:54;..;..;07:06;..;..;07:18;..;..;07:26;..;07:36;..;..;..;..;..;07:48;07:58;..;..;..;08:18;..;08:26;..;08:36;..;08:54;..;09:10;..;09:21;..;09:44;..;..;10:19;..;..;10:54;..;11:20;..;..;11:49;..;12:19;..;..;12:54;..;13:24;..;..;13:54;..;14:24;..;..;14:59;..;15:24;..;..;15:59;..;..;16:24;..;16:44;..;..;17:09;..;..;..;17:46;..;18:07;..;..;..;18:44;..;..;19:04;..;..;19:54;..;;;;;;;;;;;;;;;;;;;;;;;;;;;;;
WOODSTOCK;..;05:24;05:42;..;05:57;..;..;06:14;..;..;06:31;..;..;06:39;..;06:49;..;..;..;06:57;..;..;07:09;..;..;07:21;..;..;07:29;..;07:39;..;..;..;..;..;07:51;08:01;..;..;..;08:21;..;08:29;..;08:39;..;08:57;..;09:13;..;09:24;..;09:47;..;..;10:22;..;..;10:57;..;11:23;..;..;11:52;..;12:22;..;..;12:57;..;13:27;..;..;13:57;..;14:27;..;..;15:02;..;15:27;..;..;16:02;..;..;16:27;..;16:47;..;..;17:12;..;..;..;17:49;..;18:10;..;..;..;18:47;..;..;19:07;..;..;19:57;..;;;;;;;;;;;;;;;;;;;;;;;;;;;;;
CAPE TOWN;05:23;05:28;05:46;05:40;06:01;06:00;06:08;06:18;06:23;06:30;06:35;06:33;06:36;06:43;06:44;06:53;06:48;07:00;06:56;07:01;07:05;07:08;07:13;07:18;07:19;07:25;07:24;07:27;07:33;07:31;07:43;07:48;07:40;07:55;07:51;07:50;07:55;08:05;08:04;08:15;08:24;08:25;08:28;08:33;08:38;08:43;08:53;09:01;09:03;09:17;09:23;09:28;09:43;09:51;09:50;10:13;10:26;10:35;10:43;11:01;11:13;11:27;11:25;11:48;11:56;12:18;12:26;12:35;12:48;13:01;13:08;13:31;13:35;13:48;14:01;14:23;14:31;14:40;14:53;15:06;15:28;15:31;15:35;15:58;16:06;16:05;16:28;16:31;16:35;16:51;16:53;17:10;17:16;17:18;17:35;17:36;17:53;18:00;18:14;18:11;18:30;18:43;18:51;19:00;19:08;19:11;19:28;19:35;20:01;20:03;;;;;;;;;;;;;;;;;;;;;;;;;;;;;
END;;;;;;;;;;;;;;;;;;;;;;;;;;;;;;;;;;;;;;;;;;;;;;;;;;;;;;;;;;;;;;;;;;;;;;;;;;;;;;;;;;;;;;;;;;;;;;;;;;;;;;;;;;;;;;;;;;;;;;;;;;;;;;;;;;;;;;;;;;;
SATURDAYS;;;;;;;;;;;;;;;;;;;;;;;;;;;;;;;;;;;;;;;;;;;;;;;;;;;;;;;;;;;;;;;;;;;;;;;;;;;;;;;;;;;;;;;;;;;;;;;;;;;;;;;;;;;;;;;;;;;;;;;;;;;;;;;;;;;;;;;;;;;
TRAIN NO.;9912;9502;9914;9504;9002;9916;9506;9304;9004;9508;9918;9510;9920;9006;9512;9922;9514;9008;9924;9516;9926;9010;9518;9928;9520;9308;9012;9522;9930;9524;9932;9014;9526;9934;9528;9936;9530;9016;9938;9532;9940;9534;9942;9536;9018;9538;9944;9540;9946;9020;9542;9948;9950;9544;9952;9546;9022;9954;9548;9550;9956;9024;9552;9958;9554;9960;9026;9962;9556;9964;;;;;;;;;;;;;;;;;;;;;;;;;;;;;;;;;;;;;;;;;;;;;;;;;;;;;;;;;;;;;;;;;;;;;
BELLVILLE;;;;;05:30;;;;06:13;;;;;06:55;;;;07:40;;;;08:15;;;;;09:05;;;;;10:02;;;;;;11:30;;;;;;;13:00;;;;;14:13;;;;;;;15:45;;;;;16:50;;;;;18:42;;;;;;;;;;;;;;;;;;;;;;;;;;;;;;;;;;;;;;;;;;;;;;;;;;;;;;;;;;;;;;;;;;;;;;;;
SAREPTA;;;;;05:37;;;;06:20;;;;;07:02;;;;07:47;;;;08:22;;;;;09:12;;;;;10:09;;;;;;11:37;;;;;;;13:07;;;;;14:20;;;;;;;15:52;;;;;16:57;;;;;18:49;;;;;;;;;;;;;;;;;;;;;;;;;;;;;;;;;;;;;;;;;;;;;;;;;;;;;;;;;;;;;;;;;;;;;;;;
PENTECH;;;;;05:40;;;;06:23;;;;;07:05;;;;07:50;;;;08:25;;;;;09:15;;;;;10:12;;;;;;11:40;;;;;;;13:10;;;;;14:23;;;;;;;15:55;;;;;17:00;;;;;18:52;;;;;;;;;;;;;;;;;;;;;;;;;;;;;;;;;;;;;;;;;;;;;;;;;;;;;;;;;;;;;;;;;;;;;;;;
UNIBELL;;;;;05:42;;;;06:25;;;;;07:07;;;;07:52;;;;08:27;;;;;09:17;;;;;10:14;;;;;;11:42;;;;;;;13:12;;;;;14:25;;;;;;;15:57;;;;;17:02;;;;;18:54;;;;;;;;;;;;;;;;;;;;;;;;;;;;;;;;;;;;;;;;;;;;;;;;;;;;;;;;;;;;;;;;;;;;;;;;
BELHAR;;;;;05:45;;;;06:28;;;;;07:10;;;;07:55;;;;08:30;;;;;09:20;;;;;10:17;;;;;;11:45;;;;;;;13:15;;;;;14:28;;;;;;;16:00;;;;;17:05;;;;;18:57;;;;;;;;;;;;;;;;;;;;;;;;;;;;;;;;;;;;;;;;;;;;;;;;;;;;;;;;;;;;;;;;;;;;;;;;
LAVISTOWN;;;;;05:49;;;;06:32;;;;;07:14;;;;07:59;;;;08:34;;;;;09:24;;;;;10:21;;;;;;11:49;;;;;;;13:19;;;;;14:32;;;;;;;16:04;;;;;17:09;;;;;19:01;;;;;;;;;;;;;;;;;;;;;;;;;;;;;;;;;;;;;;;;;;;;;;;;;;;;;;;;;;;;;;;;;;;;;;;;
CHRIS HANI;04:40;;05:05;;;05:30;;05:50;;;06:10;;06:35;;;07:00;;;07:25;;07:50;;;08:20;;08:45;;;09:10;;09:40;;;10:10;;10:45;;;11:20;;11:55;;12:35;;;;13:10;;13:40;;;14:10;14:40;;15:10;;;15:50;;;16:30;;;17:10;;17:50;;18:40;;19:22;;;;;;;;;;;;;;;;;;;;;;;;;;;;;;;;;;;;;;;;;;;;;;;;;;;;;;;;;;;;;;;;;;;;;
KUYASA;04:44;;05:09;;;05:34;;05:54;;;06:14;;06:39;;;07:04;;;07:29;;07:54;;;08:24;;08:49;;;09:14;;09:44;;;10:14;;10:49;;;11:24;;11:59;;12:39;;;;13:14;;13:44;;;14:14;14:44;;15:14;;;15:54;;;16:34;;;17:14;;17:54;;18:44;;19:26;;;;;;;;;;;;;;;;;;;;;;;;;;;;;;;;;;;;;;;;;;;;;;;;;;;;;;;;;;;;;;;;;;;;;
KHAYELITSHA;04:48;;05:15;;..;05:38;;05:58;..;;06:18;;06:43;..;;07:08;;..;07:33;;07:58;..;;08:28;;08:53;..;;09:18;;09:48;..;;10:18;;10:53;;..;11:28;;12:03;;12:43;;..;;13:18;;13:48;..;;14:18;14:48;;15:18;;..;15:58;;;16:38;..;;17:18;;17:58;..;18:48;;19:30;;;;;;;;;;;;;;;;;;;;;;;;;;;;;;;;;;;;;;;;;;;;;;;;;;;;;;;;;;;;;;;;;;;;;
NONKQUBELA;04:52;;05:19;;..;05:44;;06:02;..;;06:24;;06:49;..;;07:14;;..;07:39;;08:04;..;;08:34;;08:57;..;;09:24;;09:54;..;;10:24;;10:59;;..;11:34;;12:09;;12:49;;..;;13:24;;13:54;..;;14:24;14:54;;15:24;;..;16:04;;;16:44;..;;17:24;;18:04;..;18:54;;19:36;;;;;;;;;;;;;;;;;;;;;;;;;;;;;;;;;;;;;;;;;;;;;;;;;;;;;;;;;;;;;;;;;;;;;
NOLUNGILE;04:55;;05:22;;..;05:47;;06:05;..;;06:27;;06:52;..;;07:17;;..;07:42;;08:07;..;;08:37;;09:00;..;;09:27;;09:57;..;;10:27;;11:02;;..;11:37;;12:12;;12:52;;..;;13:27;;13:57;..;;14:27;14:57;;15:27;;..;16:07;;;16:47;..;;17:27;;18:07;..;18:57;;19:39;;;;;;;;;;;;;;;;;;;;;;;;;;;;;;;;;;;;;;;;;;;;;;;;;;;;;;;;;;;;;;;;;;;;;
MANDALAY;05:00;;05:27;;..;05:52;;06:10;..;;06:32;;06:57;..;;07:22;;..;07:47;;08:12;..;;08:42;;09:05;..;;09:32;;10:02;..;;10:32;;11:07;;..;11:42;;12:17;;12:57;;..;;13:32;;14:02;..;;14:32;15:02;;15:32;;..;16:12;;;16:52;..;;17:32;;18:12;..;19:02;;19:44;;;;;;;;;;;;;;;;;;;;;;;;;;;;;;;;;;;;;;;;;;;;;;;;;;;;;;;;;;;;;;;;;;;;;
STOCK ROAD;05:02;;05:29;;..;05:54;;06:12;..;;06:34;;06:59;..;;07:24;;..;07:49;;08:14;..;;08:44;;09:07;..;;09:34;;10:04;..;;10:34;;11:09;;..;11:44;;12:19;;12:59;;..;;13:34;;14:04;..;;14:34;15:04;;15:34;;..;16:14;;;16:54;..;;17:34;;18:14;..;19:04;;19:46;;;;;;;;;;;;;;;;;;;;;;;;;;;;;;;;;;;;;;;;;;;;;;;;;;;;;;;;;;;;;;;;;;;;;
KAPTEINSKLIP;..;04:57;..;05:25;..;..;05:50;..;..;06:15;..;06:40;..;..;07:00;..;07:25;..;..;07:50;..;..;08:20;..;08:45;..;..;09:10;..;09:40;..;..;10:10;..;10:40;..;11:10;..;..;11:45;..;12:20;..;12:50;..;13:20;..;13:50;..;..;14:20;..;..;15:05;..;15:35;..;..;16:08;16:35;..;..;17:20;..;18:00;..;..;..;19:10;..;;;;;;;;;;;;;;;;;;;;;;;;;;;;;;;;;;;;;;;;;;;;;;;;;;;;;;;;;;;;;;;;;;;;;
MITCHELLS PL.;..;05:00;..;05:28;..;..;05:53;..;..;06:18;..;06:43;..;..;07:03;..;07:28;..;..;07:53;..;..;08:23;..;08:48;..;..;09:13;..;09:43;..;..;10:13;..;10:43;..;11:13;..;..;11:48;..;12:23;..;12:53;..;13:23;..;13:53;..;..;14:23;..;..;15:08;..;15:38;..;..;16:11;16:38;..;..;17:23;..;18:03;..;..;..;19:13;..;;;;;;;;;;;;;;;;;;;;;;;;;;;;;;;;;;;;;;;;;;;;;;;;;;;;;;;;;;;;;;;;;;;;;
LENTEGEUR;..;05:04;..;05:32;..;..;05:57;..;..;06:22;..;06:47;..;..;07:07;..;07:32;..;..;07:57;..;..;08:27;..;08:52;..;..;09:17;..;09:47;..;..;10:17;..;10:47;..;11:17;..;..;11:52;..;12:27;..;12:57;..;13:27;..;13:57;..;..;14:27;..;..;15:12;..;15:42;..;..;16:15;16:42;..;..;17:27;..;18:07;..;..;..;19:17;..;;;;;;;;;;;;;;;;;;;;;;;;;;;;;;;;;;;;;;;;;;;;;;;;;;;;;;;;;;;;;;;;;;;;;
PHILIPPI;05:07;05:09;05:32;05:37;..;05:57;06:02;06:15;..;06:27;06:37;06:52;07:02;..;07:12;07:27;07:37;..;07:52;08:02;08:17;..;08:32;08:47;08:57;09:10;..;09:22;09:37;09:52;10:07;..;10:22;10:37;10:52;11:12;11:22;..;11:47;11:57;12:22;12:32;13:02;13:02;..;13:32;13:37;14:02;14:07;..;14:32;14:37;15:07;15:17;15:37;15:47;..;16:17;16:20;16:47;16:57;..;17:32;17:37;18:12;18:17;..;19:07;19:22;19:49;;;;;;;;;;;;;;;;;;;;;;;;;;;;;;;;;;;;;;;;;;;;;;;;;;;;;;;;;;;;;;;;;;;;;
NYANGA;05:12;05:14;05:37;05:42;..;06:02;06:07;06:20;..;06:32;06:42;06:57;07:07;..;07:17;07:32;07:42;..;07:57;08:07;08:22;..;08:37;08:52;09:02;09:15;..;09:27;09:42;09:57;10:12;..;10:27;10:42;10:57;11:17;11:27;..;11:52;12:02;12:27;12:37;13:07;13:07;..;13:37;13:42;14:07;14:12;..;14:37;14:42;15:12;15:22;15:42;15:52;..;16:22;16:25;16:52;17:02;..;17:37;17:42;18:17;18:22;..;19:12;19:27;19:54;;;;;;;;;;;;;;;;;;;;;;;;;;;;;;;;;;;;;;;;;;;;;;;;;;;;;;;;;;;;;;;;;;;;;
HEIDEVELD;05:15;05:17;05:40;05:45;..;06:05;06:10;06:23;..;06:35;06:45;07:00;07:10;..;07:20;07:35;07:45;..;08:00;08:10;08:25;..;08:40;08:55;09:05;09:18;..;09:30;09:45;10:00;10:15;..;10:30;10:45;11:00;11:20;11:30;..;11:55;12:05;12:30;12:40;13:10;13:10;..;13:40;13:45;14:10;14:15;..;14:40;14:45;15:15;15:25;15:45;15:55;..;16:25;16:28;16:55;17:05;..;17:40;17:45;18:20;18:25;..;19:15;19:30;19:57;;;;;;;;;;;;;;;;;;;;;;;;;;;;;;;;;;;;;;;;;;;;;;;;;;;;;;;;;;;;;;;;;;;;;
NETREG;05:18;05:20;05:43;05:48;..;06:08;06:13;06:26;..;06:38;06:48;07:03;07:13;..;07:23;07:38;07:48;..;08:03;08:13;08:28;..;08:43;08:58;09:08;09:21;..;09:33;09:48;10:03;10:18;..;10:33;10:48;11:03;11:23;11:33;..;11:58;12:08;12:33;12:43;13:13;13:13;..;13:43;13:48;14:13;14:18;..;14:43;14:48;15:18;15:28;15:48;15:58;..;16:28;16:31;16:58;17:08;..;17:43;17:48;18:23;18:28;..;19:18;19:33;20:00;;;;;;;;;;;;;;;;;;;;;;;;;;;;;;;;;;;;;;;;;;;;;;;;;;;;;;;;;;;;;;;;;;;;;
BONTEHEUWEL;05:22;05:24;05:47;05:52;05:54;06:12;06:17;06:31;06:37;06:42;06:52;07:07;07:17;07:19;07:27;07:42;07:52;08:04;08:07;08:17;08:32;08:39;08:47;09:02;09:12;09:26;09:29;09:37;09:52;10:07;10:22;10:26;10:37;10:52;11:07;11:27;11:37;11:54;12:02;12:12;12:37;12:47;13:17;13:17;13:24;13:47;13:52;14:17;14:22;14:38;14:47;14:52;15:22;15:32;15:52;16:02;16:09;16:32;16:35;17:02;17:12;17:14;17:47;17:52;18:27;18:32;19:06;19:22;19:37;20:04;;;;;;;;;;;;;;;;;;;;;;;;;;;;;;;;;;;;;;;;;;;;;;;;;;;;;;;;;;;;;;;;;;;;;
LANGA;05:25;05:27;05:50;05:55;05:57;06:15;06:20;06:34;06:40;06:45;06:55;07:10;07:20;07:22;07:30;07:45;07:55;08:07;08:10;08:20;08:35;08:42;08:50;09:05;09:15;09:29;09:32;09:40;09:55;10:10;10:25;10:29;10:40;10:55;11:10;11:30;11:40;11:57;12:05;12:15;12:40;12:50;13:20;13:20;13:27;13:50;13:55;14:20;14:25;14:41;14:50;14:55;15:25;15:35;15:55;16:05;16:12;16:35;16:38;17:05;17:15;17:17;17:50;17:55;18:30;18:35;19:09;19:25;19:40;20:07;;;;;;;;;;;;;;;;;;;;;;;;;;;;;;;;;;;;;;;;;;;;;;;;;;;;;;;;;;;;;;;;;;;;;
MUTUAL;05:29;..;05:54;..;06:01;06:19;..;..;06:44;..;06:59;..;07:24;..;..;07:49;..;..;08:14;..;08:39;08:46;..;09:09;..;..;09:36;..;09:59;..;10:29;..;..;10:59;..;11:34;..;12:01;12:09;..;12:44;..;13:24;..;..;..;13:59;..;14:29;14:45;..;14:59;15:29;..;15:59;..;16:16;16:39;..;..;17:19;17:21;..;17:59;..;18:39;19:13;19:29;..;20:11;;;;;;;;;;;;;;;;;;;;;;;;;;;;;;;;;;;;;;;;;;;;;;;;;;;;;;;;;;;;;;;;;;;;;
YSTERPLAAT;05:35;..;06:00;..;06:07;06:25;..;..;06:50;..;07:05;..;07:30;..;..;07:55;..;..;08:20;..;08:45;08:52;..;09:15;..;..;09:42;..;10:05;..;10:35;..;..;11:05;..;11:40;..;12:07;12:15;..;12:50;..;13:30;..;..;..;14:05;..;14:35;14:51;..;15:05;15:35;..;16:05;..;16:22;16:45;..;..;17:25;17:27;..;18:05;..;18:45;19:19;19:35;..;20:17;;;;;;;;;;;;;;;;;;;;;;;;;;;;;;;;;;;;;;;;;;;;;;;;;;;;;;;;;;;;;;;;;;;;;
PAARDENEILAND;..;..;..;..;..;..;..;..;..;..;..;..;..;..;..;..;..;..;..;..;..;..;..;..;..;..;..;..;..;..;..;..;..;..;..;..;..;..;..;..;..;..;..;..;..;..;..;..;..;..;..;..;..;..;..;..;..;..;..;..;..;..;..;..;..;..;..;..;..;..;;;;;;;;;;;;;;;;;;;;;;;;;;;;;;;;;;;;;;;;;;;;;;;;;;;;;;;;;;;;;;;;;;;;;
ESPLANADE;05:39;..;06:04;..;06:11;06:29;..;..;06:54;..;07:09;..;07:34;..;..;07:59;..;..;08:24;..;08:49;08:56;..;09:19;..;..;09:46;..;10:09;..;10:39;..;..;11:09;..;11:44;..;12:11;12:19;..;12:54;..;13:34;..;..;..;14:09;..;14:39;14:55;..;15:09;15:39;..;16:09;..;16:26;16:49;..;..;17:29;17:31;..;18:09;..;18:49;19:23;19:39;..;20:21;;;;;;;;;;;;;;;;;;;;;;;;;;;;;;;;;;;;;;;;;;;;;;;;;;;;;;;;;;;;;;;;;;;;;
PINELANDS;..;05:32;..;06:00;..;..;06:25;06:39;..;06:50;..;07:15;..;07:27;07:35;..;08:00;08:12;..;08:25;..;..;08:55;..;09:20;09:34;..;09:45;..;10:15;..;10:34;10:45;..;11:15;..;11:45;..;..;12:20;..;12:55;..;13:25;13:32;13:55;..;14:25;..;..;14:55;..;..;15:40;..;16:10;..;..;16:43;17:10;..;..;17:55;..;18:35;..;..;..;19:45;..;;;;;;;;;;;;;;;;;;;;;;;;;;;;;;;;;;;;;;;;;;;;;;;;;;;;;;;;;;;;;;;;;;;;;
NDABENI;..;05:34;..;06:02;..;..;06:27;06:41;..;06:52;..;07:17;..;07:29;07:37;..;08:02;08:14;..;08:27;..;..;08:57;..;09:22;09:36;..;09:47;..;10:17;..;10:36;10:47;..;11:17;..;11:47;..;..;12:22;..;12:57;..;13:27;13:34;13:57;..;14:27;..;..;14:57;..;..;15:42;..;16:12;..;..;16:45;17:12;..;..;17:57;..;18:37;..;..;..;19:47;..;;;;;;;;;;;;;;;;;;;;;;;;;;;;;;;;;;;;;;;;;;;;;;;;;;;;;;;;;;;;;;;;;;;;;
MAITLAND;..;05:37;..;06:05;..;..;06:30;06:44;..;06:55;..;07:20;..;07:32;07:40;..;08:05;08:17;..;08:30;..;..;09:00;..;09:25;09:39;..;09:50;..;10:20;..;10:39;10:50;..;11:20;..;11:50;..;..;12:25;..;13:00;..;13:30;13:37;14:00;..;14:30;..;..;15:00;..;..;15:45;..;16:15;..;..;16:48;17:15;..;..;18:00;..;18:40;..;..;..;19:50;..;;;;;;;;;;;;;;;;;;;;;;;;;;;;;;;;;;;;;;;;;;;;;;;;;;;;;;;;;;;;;;;;;;;;;
KOEBERG RD;..;05:39;..;06:07;..;..;06:32;06:46;..;06:57;..;07:22;..;07:34;07:42;..;08:07;08:19;..;08:32;..;..;09:02;..;09:27;09:41;..;09:52;..;10:22;..;10:41;10:52;..;11:22;..;11:52;..;..;12:27;..;13:02;..;13:32;13:39;14:02;..;14:32;..;..;15:02;..;..;15:47;..;16:17;..;..;16:50;17:17;..;..;18:02;..;18:42;..;..;..;19:52;..;;;;;;;;;;;;;;;;;;;;;;;;;;;;;;;;;;;;;;;;;;;;;;;;;;;;;;;;;;;;;;;;;;;;;
SALT RIVER;..;05:42;..;06:10;..;..;06:35;06:49;..;07:00;..;07:25;..;07:37;07:45;..;08:10;08:22;..;08:35;..;..;09:05;..;09:30;09:44;..;09:55;..;10:25;..;10:44;10:55;..;11:25;..;11:55;..;..;12:30;..;13:05;..;13:35;13:42;14:05;..;14:35;..;..;15:05;..;..;15:50;..;16:20;..;..;16:53;17:20;..;..;18:05;..;18:45;..;..;..;19:55;..;;;;;;;;;;;;;;;;;;;;;;;;;;;;;;;;;;;;;;;;;;;;;;;;;;;;;;;;;;;;;;;;;;;;;
WOODSTOCK;..;05:45;..;06:13;..;..;06:38;06:52;..;07:03;..;07:28;..;07:40;07:48;..;08:13;08:25;..;08:38;..;..;09:08;..;09:33;09:47;..;09:58;..;10:28;..;10:47;10:58;..;11:28;..;11:58;..;..;12:33;..;13:08;..;13:38;13:45;14:08;..;14:38;..;..;15:08;..;..;15:53;..;16:23;..;..;16:56;17:23;..;..;18:08;..;18:48;..;..;..;19:58;..;;;;;;;;;;;;;;;;;;;;;;;;;;;;;;;;;;;;;;;;;;;;;;;;;;;;;;;;;;;;;;;;;;;;;
CAPE TOWN;05:44;05:49;06:09;06:17;06:16;06:34;06:42;06:56;06:59;07:07;07:14;07:32;07:39;07:44;07:52;08:04;08:17;08:29;08:29;08:42;08:54;09:01;09:12;09:24;09:37;09:51;09:51;10:02;10:14;10:32;10:44;10:51;11:02;11:14;11:32;11:49;12:02;12:16;12:24;12:37;12:59;13:12;13:39;13:42;13:49;14:12;14:14;14:42;14:44;15:00;15:12;15:14;15:44;15:57;16:14;16:27;16:31;16:54;17:00;17:27;17:34;17:36;18:12;18:14;18:52;18:54;19:28;19:44;20:02;20:26;;;;;;;;;;;;;;;;;;;;;;;;;;;;;;;;;;;;;;;;;;;;;;;;;;;;;;;;;;;;;;;;;;;;;
END;;;;;;;;;;;;;;;;;;;;;;;;;;;;;;;;;;;;;;;;;;;;;;;;;;;;;;;;;;;;;;;;;;;;;;;;;;;;;;;;;;;;;;;;;;;;;;;;;;;;;;;;;;;;;;;;;;;;;;;;;;;;;;;;;;;;;;;;;;;
SUNDAYS;;;;;;;;;;;;;;;;;;;;;;;;;;;;;;;;;;;;;;;;;;;;;;;;;;;;;;;;;;;;;;;;;;;;;;;;;;;;;;;;;;;;;;;;;;;;;;;;;;;;;;;;;;;;;;;;;;;;;;;;;;;;;;;;;;;;;;;;;;;
TRAIN NO.;9502;9912;9504;9914;9002;9506;9916;9508;9918;9004;9920;9510;9922;9006;9512;9924;9514;9926;9008;9516;9928;9518;9930;9010;9520;9932;9522;9934;9012;9524;9936;9526;9014;9938;9528;9940;9530;9942;9016;9532;9944;9534;9946;;;;;;;;;;;;;;;;;;;;;;;;;;;;;;;;;;;;;;;;;;;;;;;;;;;;;;;;;;;;;;;;;;;;;;;;;;;;;;;;;;;;;;;;;;;;;;;;
BELLVILLE;;;;;05:45;;;;;07:22;;;;08:45;;;;;10:10;;;;;12:10;;;;;14:15;;;;15:50;;;;;;17:50;;;;;;;;;;;;;;;;;;;;;;;;;;;;;;;;;;;;;;;;;;;;;;;;;;;;;;;;;;;;;;;;;;;;;;;;;;;;;;;;;;;;;;;;;;;;;;;;;;;;
SAREPTA;;;;;05:52;;;;;07:29;;;;08:52;;;;;10:17;;;;;12:17;;;;;14:22;;;;15:57;;;;;;17:57;;;;;;;;;;;;;;;;;;;;;;;;;;;;;;;;;;;;;;;;;;;;;;;;;;;;;;;;;;;;;;;;;;;;;;;;;;;;;;;;;;;;;;;;;;;;;;;;;;;;
PENTECH;;;;;05:55;;;;;07:32;;;;08:55;;;;;10:20;;;;;12:20;;;;;14:25;;;;16:00;;;;;;18:00;;;;;;;;;;;;;;;;;;;;;;;;;;;;;;;;;;;;;;;;;;;;;;;;;;;;;;;;;;;;;;;;;;;;;;;;;;;;;;;;;;;;;;;;;;;;;;;;;;;;
UNIBELL;;;;;05:57;;;;;07:34;;;;08:57;;;;;10:22;;;;;12:22;;;;;14:27;;;;16:02;;;;;;18:02;;;;;;;;;;;;;;;;;;;;;;;;;;;;;;;;;;;;;;;;;;;;;;;;;;;;;;;;;;;;;;;;;;;;;;;;;;;;;;;;;;;;;;;;;;;;;;;;;;;;
BELHAR;;;;;06:00;;;;;07:37;;;;09:00;;;;;10:25;;;;;12:25;;;;;14:30;;;;16:05;;;;;;18:05;;;;;;;;;;;;;;;;;;;;;;;;;;;;;;;;;;;;;;;;;;;;;;;;;;;;;;;;;;;;;;;;;;;;;;;;;;;;;;;;;;;;;;;;;;;;;;;;;;;;
LAVISTOWN;;;;;06:04;;;;;07:41;;;;09:04;;;;;10:29;;;;;12:29;;;;;14:34;;;;16:09;;;;;;18:09;;;;;;;;;;;;;;;;;;;;;;;;;;;;;;;;;;;;;;;;;;;;;;;;;;;;;;;;;;;;;;;;;;;;;;;;;;;;;;;;;;;;;;;;;;;;;;;;;;;;
CHRIS HANI;;04:40;;05:20;;;06:00;;06:40;;07:20;;08:00;;;08:40;;09:40;;;10:40;;11:40;;;12:40;;13:40;;;14:40;;;15:40;;16:40;;17:30;;;18:20;;19:10;;;;;;;;;;;;;;;;;;;;;;;;;;;;;;;;;;;;;;;;;;;;;;;;;;;;;;;;;;;;;;;;;;;;;;;;;;;;;;;;;;;;;;;;;;;;;;;;
KUYASA;;04:44;;05:24;;;06:04;;06:44;;07:24;;08:04;;;08:44;;09:44;;;10:44;;11:44;;;12:44;;13:44;;;14:44;;;15:44;;16:44;;17:34;;;18:24;;19:14;;;;;;;;;;;;;;;;;;;;;;;;;;;;;;;;;;;;;;;;;;;;;;;;;;;;;;;;;;;;;;;;;;;;;;;;;;;;;;;;;;;;;;;;;;;;;;;;
KHAYELITSHA;;04:48;;05:28;..;;06:08;;06:48;..;07:28;;08:08;..;;08:48;;09:48;..;;10:48;;11:48;..;;12:48;;13:48;..;;14:48;;..;15:48;;16:48;;17:38;..;;18:28;;19:18;;;;;;;;;;;;;;;;;;;;;;;;;;;;;;;;;;;;;;;;;;;;;;;;;;;;;;;;;;;;;;;;;;;;;;;;;;;;;;;;;;;;;;;;;;;;;;;;
NONKQUBELA;;04:54;;05:34;..;;06:14;;06:54;..;07:34;;08:14;..;;08:54;;09:54;..;;10:54;;11:52;..;;12:54;;13:54;..;;14:54;;..;15:54;;16:54;;17:44;..;;18:34;;19:24;;;;;;;;;;;;;;;;;;;;;;;;;;;;;;;;;;;;;;;;;;;;;;;;;;;;;;;;;;;;;;;;;;;;;;;;;;;;;;;;;;;;;;;;;;;;;;;;
NOLUNGILE;;04:57;;05:37;..;;06:17;;06:57;..;07:37;;08:17;..;;08:57;;09:57;..;;10:57;;11:55;..;;12:57;;13:57;..;;14:57;;..;15:57;;16:57;;17:47;..;;18:37;;19:27;;;;;;;;;;;;;;;;;;;;;;;;;;;;;;;;;;;;;;;;;;;;;;;;;;;;;;;;;;;;;;;;;;;;;;;;;;;;;;;;;;;;;;;;;;;;;;;;
MANDALAY;05:02;;05:42;..;;06:22;;07:02;..;07:42;;08:22;..;;09:02;;10:02;..;;11:02;;12:00;..;;13:02;;14:02;..;;15:02;;..;16:02;;17:02;;17:52;..;;18:42;;19:32;;;;;;;;;;;;;;;;;;;;;;;;;;;;;;;;;;;;;;;;;;;;;;;;;;;;;;;;;;;;;;;;;;;;;;;;;;;;;;;;;;;;;;;;;;;;;;;;;
STOCK ROAD;;05:04;;05:44;..;;06:24;;07:04;..;07:44;;08:24;..;;09:04;;10:04;..;;11:04;;12:02;..;;13:04;;14:04;..;;15:04;;..;16:04;;17:04;;17:54;..;;18:44;;19:34;;;;;;;;;;;;;;;;;;;;;;;;;;;;;;;;;;;;;;;;;;;;;;;;;;;;;;;;;;;;;;;;;;;;;;;;;;;;;;;;;;;;;;;;;;;;;;;;
KAPTEINSKLIP;04:52;..;05:32;..;..;06:13;..;06:53;..;..;..;07:50;..;..;08:53;..;09:53;..;..;10:50;..;11:50;..;..;12:40;..;13:40;..;..;14:40;..;15:40;..;..;16:35;..;17:30;..;..;18:15;..;19:00;..;;;;;;;;;;;;;;;;;;;;;;;;;;;;;;;;;;;;;;;;;;;;;;;;;;;;;;;;;;;;;;;;;;;;;;;;;;;;;;;;;;;;;;;;;;;;;;;;
MITCHELLS PL.;04:55;..;05:35;..;..;06:16;..;06:56;..;..;..;07:53;..;..;08:56;..;09:56;..;..;10:53;..;11:53;..;..;12:43;..;13:43;..;..;14:43;..;15:43;..;..;16:38;..;17:33;..;..;18:18;..;19:03;..;;;;;;;;;;;;;;;;;;;;;;;;;;;;;;;;;;;;;;;;;;;;;;;;;;;;;;;;;;;;;;;;;;;;;;;;;;;;;;;;;;;;;;;;;;;;;;;;
LENTEGEUR;04:59;..;05:39;..;..;06:20;..;07:00;..;..;..;07:57;..;..;09:00;..;10:00;..;..;10:57;..;11:57;..;..;12:47;..;13:47;..;..;14:47;..;15:47;..;..;16:42;..;17:37;..;..;18:22;..;19:07;..;;;;;;;;;;;;;;;;;;;;;;;;;;;;;;;;;;;;;;;;;;;;;;;;;;;;;;;;;;;;;;;;;;;;;;;;;;;;;;;;;;;;;;;;;;;;;;;;
PHILIPPI;05:04;05:07;05:44;05:47;..;06:25;06:27;07:05;07:07;..;07:47;08:02;08:27;..;09:05;09:07;10:05;10:07;..;11:02;11:07;12:02;12:05;..;12:52;13:07;13:52;14:07;..;14:52;15:07;15:52;..;16:07;16:47;17:07;17:42;17:57;..;18:27;18:47;19:12;19:37;;;;;;;;;;;;;;;;;;;;;;;;;;;;;;;;;;;;;;;;;;;;;;;;;;;;;;;;;;;;;;;;;;;;;;;;;;;;;;;;;;;;;;;;;;;;;;;;
NYANGA;05:09;05:12;05:49;05:52;..;06:30;06:32;07:10;07:12;..;07:52;08:07;08:32;..;09:10;09:12;10:10;10:12;..;11:07;11:12;12:07;12:10;..;12:57;13:12;13:57;14:12;..;14:57;15:12;15:57;..;16:12;16:52;17:12;17:47;18:02;..;18:32;18:52;19:17;19:42;;;;;;;;;;;;;;;;;;;;;;;;;;;;;;;;;;;;;;;;;;;;;;;;;;;;;;;;;;;;;;;;;;;;;;;;;;;;;;;;;;;;;;;;;;;;;;;;
HEIDEVELD;05:12;05:15;05:52;05:55;..;06:33;06:35;07:13;07:15;..;07:55;08:10;08:35;..;09:13;09:15;10:13;10:15;..;11:10;11:15;12:10;12:13;..;13:00;13:15;14:00;14:15;..;15:00;15:15;16:00;..;16:15;16:55;17:15;17:50;18:05;..;18:35;18:55;19:20;19:45;;;;;;;;;;;;;;;;;;;;;;;;;;;;;;;;;;;;;;;;;;;;;;;;;;;;;;;;;;;;;;;;;;;;;;;;;;;;;;;;;;;;;;;;;;;;;;;;
NETREG;05:15;05:18;05:55;05:58;..;06:36;06:38;07:16;07:18;..;07:58;08:13;08:38;..;09:16;09:18;10:16;10:18;..;11:13;11:18;12:13;12:16;..;13:03;13:18;14:03;14:18;..;15:03;15:18;16:03;..;16:18;16:58;17:18;17:53;18:08;..;18:38;18:58;19:23;19:48;;;;;;;;;;;;;;;;;;;;;;;;;;;;;;;;;;;;;;;;;;;;;;;;;;;;;;;;;;;;;;;;;;;;;;;;;;;;;;;;;;;;;;;;;;;;;;;;
BONTEHEUWEL;05:22;05:22;06:02;06:02;06:09;06:42;06:42;07:22;07:22;07:46;08:02;08:17;08:42;09:09;09:22;09:22;10:22;10:22;10:34;11:17;11:22;12:17;12:22;12:34;13:07;13:22;14:07;14:22;14:39;15:07;15:22;16:07;16:14;16:22;17:02;17:22;17:57;18:12;18:13;18:42;19:02;19:27;19:52;;;;;;;;;;;;;;;;;;;;;;;;;;;;;;;;;;;;;;;;;;;;;;;;;;;;;;;;;;;;;;;;;;;;;;;;;;;;;;;;;;;;;;;;;;;;;;;;
LANGA;05:25;05:25;06:05;06:05;06:12;06:45;06:45;07:25;07:25;07:49;08:05;08:20;08:45;09:12;09:25;09:25;10:25;10:25;10:37;11:20;11:25;12:20;12:25;12:37;13:10;13:25;14:10;14:25;14:42;15:10;15:25;16:10;16:17;16:25;17:05;17:25;18:00;18:15;18:16;18:45;19:05;19:30;19:55;;;;;;;;;;;;;;;;;;;;;;;;;;;;;;;;;;;;;;;;;;;;;;;;;;;;;;;;;;;;;;;;;;;;;;;;;;;;;;;;;;;;;;;;;;;;;;;;
MUTUAL;..;05:29;..;06:09;06:16;..;06:49;..;07:29;07:53;08:09;..;08:49;09:16;..;09:29;..;10:29;10:41;..;11:29;..;12:29;12:41;..;13:29;..;14:29;14:46;..;15:29;..;16:21;16:29;..;17:29;..;18:19;..;..;19:09;..;19:59;;;;;;;;;;;;;;;;;;;;;;;;;;;;;;;;;;;;;;;;;;;;;;;;;;;;;;;;;;;;;;;;;;;;;;;;;;;;;;;;;;;;;;;;;;;;;;;;
YSTERPLAAT;..;05:35;..;06:15;;..;06:55;..;07:35;07:59;08:15;..;08:55;09:22;..;09:35;..;10:35;10:47;..;11:35;..;12:35;12:47;..;13:35;..;14:35;14:52;..;15:35;..;16:27;16:35;..;17:35;..;18:25;..;..;19:15;..;20:05;;;;;;;;;;;;;;;;;;;;;;;;;;;;;;;;;;;;;;;;;;;;;;;;;;;;;;;;;;;;;;;;;;;;;;;;;;;;;;;;;;;;;;;;;;;;;;;;
PAARDENEILAND;..;..;..;..;;..;..;..;..;..;..;..;..;..;..;..;..;..;..;..;..;..;..;..;..;..;..;..;..;..;..;..;..;..;..;..;..;..;..;..;..;..;..;;;;;;;;;;;;;;;;;;;;;;;;;;;;;;;;;;;;;;;;;;;;;;;;;;;;;;;;;;;;;;;;;;;;;;;;;;;;;;;;;;;;;;;;;;;;;;;;
ESPLANADE;..;05:39;..;06:19;;..;06:59;..;07:39;08:03;08:19;..;08:59;09:26;..;09:39;..;10:39;10:51;..;11:39;..;12:39;12:51;..;13:39;..;14:39;14:56;..;15:39;..;16:31;16:39;..;17:39;..;18:29;..;..;19:19;..;20:09;;;;;;;;;;;;;;;;;;;;;;;;;;;;;;;;;;;;;;;;;;;;;;;;;;;;;;;;;;;;;;;;;;;;;;;;;;;;;;;;;;;;;;;;;;;;;;;;
PINELANDS;05:30;..;06:10;..;;06:50;..;07:30;..;..;..;08:25;..;..;09:30;..;10:30;..;..;11:25;..;12:25;..;..;13:15;..;14:15;..;..;15:15;..;16:15;..;..;17:10;..;18:05;..;18:21;18:50;..;19:35;..;;;;;;;;;;;;;;;;;;;;;;;;;;;;;;;;;;;;;;;;;;;;;;;;;;;;;;;;;;;;;;;;;;;;;;;;;;;;;;;;;;;;;;;;;;;;;;;;
NDABENI;05:32;..;06:12;..;;06:52;..;07:32;..;..;..;08:27;..;..;09:32;..;10:32;..;..;11:27;..;12:27;..;..;13:17;..;14:17;..;..;15:17;..;16:17;..;..;17:12;..;18:07;..;18:23;18:52;..;19:37;..;;;;;;;;;;;;;;;;;;;;;;;;;;;;;;;;;;;;;;;;;;;;;;;;;;;;;;;;;;;;;;;;;;;;;;;;;;;;;;;;;;;;;;;;;;;;;;;;
MAITLAND;05:35;..;06:15;..;;06:55;..;07:35;..;..;..;08:30;..;..;09:35;..;10:35;..;..;11:30;..;12:30;..;..;13:20;..;14:20;..;..;15:20;..;16:20;..;..;17:15;..;18:10;..;18:26;18:55;..;19:40;..;;;;;;;;;;;;;;;;;;;;;;;;;;;;;;;;;;;;;;;;;;;;;;;;;;;;;;;;;;;;;;;;;;;;;;;;;;;;;;;;;;;;;;;;;;;;;;;;
KOEBERG RD;05:37;..;06:17;..;;06:57;..;07:37;..;..;..;08:32;..;..;09:37;..;10:37;..;..;11:32;..;12:32;..;..;13:22;..;14:22;..;..;15:22;..;16:22;..;..;17:17;..;18:12;..;18:28;18:57;..;19:42;..;;;;;;;;;;;;;;;;;;;;;;;;;;;;;;;;;;;;;;;;;;;;;;;;;;;;;;;;;;;;;;;;;;;;;;;;;;;;;;;;;;;;;;;;;;;;;;;;
SALT RIVER;05:40;..;06:20;..;;07:00;..;07:40;..;..;..;08:35;..;..;09:40;..;10:40;..;..;11:35;..;12:35;..;..;13:25;..;14:25;..;..;15:25;..;16:25;..;..;17:20;..;18:15;..;18:31;19:00;..;19:45;..;;;;;;;;;;;;;;;;;;;;;;;;;;;;;;;;;;;;;;;;;;;;;;;;;;;;;;;;;;;;;;;;;;;;;;;;;;;;;;;;;;;;;;;;;;;;;;;;
WOODSTOCK;05:43;..;06:23;..;;07:03;..;07:43;..;..;..;08:38;..;..;09:43;..;10:43;..;..;11:38;..;12:38;..;..;13:28;..;14:28;..;..;15:28;..;16:28;..;..;17:23;..;18:18;..;18:34;19:03;..;19:48;..;;;;;;;;;;;;;;;;;;;;;;;;;;;;;;;;;;;;;;;;;;;;;;;;;;;;;;;;;;;;;;;;;;;;;;;;;;;;;;;;;;;;;;;;;;;;;;;;
CAPE TOWN;05:47;05:44;06:27;06:24;;07:07;07:04;07:47;07:44;08:08;08:24;08:42;09:04;09:31;09:47;09:44;10:47;10:44;10:56;11:42;11:44;12:42;12:44;12:56;13:32;13:44;14:32;14:44;15:01;15:32;15:44;16:32;16:36;16:44;17:27;17:44;18:22;18:34;18:38;19:07;19:24;19:52;20:14;;;;;;;;;;;;;;;;;;;;;;;;;;;;;;;;;;;;;;;;;;;;;;;;;;;;;;;;;;;;;;;;;;;;;;;;;;;;;;;;;;;;;;;;;;;;;;;;
END;END OF FILE;;;;;;;;;;;;;;;;;;;;;;;;;;;;;;;;;;;;;;;;;;;;;;;;;;;;;;;;;;;;;;;;;;;;;;;;;;;;;;;;;;;;;;;;;;;;;;;;;;;;;;;;;;;;;;;;;;;;;;;;;;;;;;;;;;;;;;;;;;